Date,Category,Amount,Note,Is Spending?,Is big spending?
01/01/2013,Ăn sáng,34.000,,1,
01/01/2013,Linh tinh,15.000,Bánh mì,1,
01/01/2013,Thu tiền mượn,-100.000,Anh Lộc,0,
01/01/2013,Ăn tối,30.000,,1,
02/01/2013,Ăn sáng,7.000,,1,
02/01/2013,Ăn trưa,24.000,,1,
02/01/2013,Linh tinh,8.000,Bánh trán mỡ hành,1,
02/01/2013,Linh tinh,500,Bỏ heo,1,
02/01/2013,Ăn tối,10.000,,1,
02/01/2013,Linh tinh,20.000,Nước cam,1,
03/01/2013,Ăn sáng,20.000,,1,
03/01/2013,Ăn trưa,40.000,,1,
03/01/2013,Linh tinh,10.000,Hủ tiếu,1,
03/01/2013,Linh tinh,12.000,Sinh tố,1,
04/01/2013,Ăn sáng,18.000,,1,
04/01/2013,Ăn trưa,50.000,,1,
04/01/2013,Ăn tối,25.000,Bún mắm,1,
05/01/2013,Rút tài khoản,-2.000.000,,0,
05/01/2013,Ăn sáng,31.000,Bò bít tết,1,
05/01/2013,Đổ xăng,50.000,,1,
05/01/2013,Linh tinh,16.000,Phi mượn 8K,1,
05/01/2013,Ăn tối,19.000,Hủ tiếu,1,
05/01/2013,Linh tinh,19.000,Nước ngọt,1,
05/01/2013,Linh tinh,24.000,Trứng vịt lộn,1,
06/01/2013,Ăn sáng,13.000,Bánh mì,1,
06/01/2013,Gửi xe,5.000,Nhà hàng Glorious,1,
06/01/2013,Linh tinh,500.000,Đám cưới anh Sỹ HRP Gameloft,1,1
06/01/2013,Linh tinh,50.000,Karaoke,1,
06/01/2013,Linh tinh,15.000,Bột chiên,1,
06/01/2013,Linh tinh,19.000,Nước ngọt,1,
06/01/2013,Ăn tối,15.000,Cháo vịt,1,
07/01/2013,Ăn sáng,20.000,Bánh canh cua,1,
07/01/2013,Ăn trưa,50.000,Cơm Tấm Ngon,1,
08/01/2013,Ăn sáng,20.000,Bánh mì ốp la,1,
08/01/2013,Ăn trưa,30.000,Bún mộc,1,
08/01/2013,Gửi xe,3.000,Sân bóng Huỳnh Tấn,1,
08/01/2013,Linh tinh,12.000,Nước ngọt Samurai,1,
08/01/2013,Linh tinh,28.000,Cơm chiên bò lúc lắc,1,
08/01/2013,Đổ xăng,50.000,,1,
09/01/2013,Ăn sáng,18.000,Bánh canh cá lóc,1,
09/01/2013,Ăn trưa,45.000,Cơm gà Hoàng Văn Thụ,1,
10/01/2013,Ăn sáng,15.000,Bánh cuốn,1,
10/01/2013,Ăn trưa,30.000,Cơm (Bún Ngon),1,
11/01/2013,Linh tinh,12.000,Cà phê (Nâu Đen),1,
11/01/2013,Ăn trưa,35.000,Bún cá rô đồng,1,
11/01/2013,Linh tinh,8.000,Bánh trán mỡ hành,1,
12/01/2013,Linh tinh,19.000,Nước ngọt,1,
12/01/2013,Ăn tối,22.000,Hủ tiếu,1,
12/01/2013,Phòng,570.000,Nợ Nghĩa 70k,1,
13/01/2013,Rút tài khoản,-2.000.000,,0,
13/01/2013,Linh tinh,4.000,Bơm xe,1,
13/01/2013,Đổ xăng,50.000,,1,
13/01/2013,Linh tinh,100.000,Họp lớp 061,1,
13/01/2013,Ăn tối,40.000,Với Thu,1,
14/01/2013,Linh tinh,12.000,Cà phê (Nâu Đen),1,
14/01/2013,Đổ xăng,50.000,,1,
14/01/2013,Ăn trưa,63.000,Pico Plaza,1,
15/01/2013,Ăn sáng,7.000,Xôi,1,
15/01/2013,Ăn trưa,38.000,Ngõ Huế,1,
16/01/2013,Ăn trưa,18.000,Bún nem nướng,1,
17/01/2013,Ăn sáng,24.000,Phở,1,
17/01/2013,Ăn trưa,33.000,Cơm (Bún Ngon),1,
17/01/2013,Ăn tối,30.000,Bún bò,1,
18/01/2013,Linh tinh,55.000,Lăn khử mùi Romano,1,
18/01/2013,Ăn sáng,7.000,Xôi,1,
18/01/2013,Ăn trưa,50.000,Nui xào bò (Hai Chị Em),1,
18/01/2013,Linh tinh,15.000,Cơm cho a.Khang,1,
19/01/2013,Ăn sáng,20.000,Bánh canh chả cá,1,
19/01/2013,Linh tinh,15.000,Nước cam ép,1,
19/01/2013,Ăn tối,20.000,Cơm tấm,1,
20/01/2013,Đổ xăng,50.000,Trần Não,1,
20/01/2013,Linh tinh,22.000,Nước ngọt (coi đá banh),1,
21/01/2013,Ăn sáng,25.000,Bánh canh cua,1,
21/01/2013,Ăn trưa,35.000,Cơm (Bún Ngon),1,
22/01/2013,Linh tinh,12.000,Cà phê (Nâu Đen),1,
22/01/2013,Ăn trưa,44.000,Cơm Tấm Ngon,1,
23/01/2013,Linh tinh,12.000,Cà phê (Nâu Đen),1,
23/01/2013,Ăn trưa,25.000,Bún bò,1,
23/01/2013,Ăn tối,25.000,Hủ tiếu khô,1,
23/01/2013,Đổ xăng,50.000,Phan Huy Ích,1,
23/01/2013,Linh tinh,120.000,Cà phê SM,1,
23/01/2013,Linh tinh,62.000,Kem đánh răng,1,
24/01/2013,Ăn sáng,20.000,Phở Nghi,1,
24/01/2013,Ăn trưa,90.000,Maximark,1,
24/01/2013,Linh tinh,22.000,Trái cây dằm yaourt,1,
25/01/2013,Linh tinh,12.000,Cà phê (Nâu Đen),1,
25/01/2013,Ăn trưa,35.000,Bún mọc (Bún Ngon),1,
25/01/2013,Linh tinh,15.000,Bột chiên,1,
25/01/2013,Nhậu,100.000,Team HRP Global,1,
25/01/2013,Linh tinh,100.000,Karaoke (team HRP Global),1,
25/01/2013,Cho mượn,500.000,Nghĩa,0,
26/01/2013,Ăn trưa,19.000,Bún nem nướng,1,
26/01/2013,Rút tài khoản,-2.000.000,Siêu thị Maximart,0,
26/01/2013,Linh tinh,94.000,Nước xả vải Downy,1,
26/01/2013,Linh tinh,28.000,Pin AAA,1,
26/01/2013,Linh tinh,12.600,Bàn chải đánh răng trẻ em,1,
26/01/2013,Linh tinh,37.400,Chỉ nha khoa,1,
26/01/2013,Linh tinh,22.500,Kem đánh răng trẻ em,1,
26/01/2013,Linh tinh,14.700,Gel vuốt tóc Unixes,1,
26/01/2013,Linh tinh,129.000,Dầu gội Clear,1,
26/01/2013,Linh tinh,33.500,Bột giặt OMO,1,
26/01/2013,Linh tinh,5.800,Bông lau tai,1,
26/01/2013,Linh tinh,7.500,Tăm xỉa răng,1,
26/01/2013,Gửi xe,3.000,Siêu thị Maximart,1,
26/01/2013,Linh tinh,62.000,Bộ chữ cái,1,
26/01/2013,Linh tinh,15.000,Nước cam ép,1,
26/01/2013,Linh tinh,30.000,Chổi,1,
26/01/2013,Linh tinh,10.000,Bàn chải giặt đồ,1,
26/01/2013,Ăn tối,30.000,Cơm tấm,1,
26/01/2013,Linh tinh,10.000,Bánh mì,1,
26/01/2013,Linh tinh,28.000,Revive,1,
27/01/2013,Ăn sáng,31.000,Bò bít tết,1,
27/01/2013,Đổ xăng,50.000,Cộng Hòa,1,
27/01/2013,Gửi xe,4.000,Khu du lịch Văn Thánh,1,
28/01/2013,Ăn trưa,19.000,Cơm,1,
28/01/2013,Linh tinh,180.000,Đĩa karaoke California,1,
28/01/2013,Linh tinh,34.000,Chuối,1,
28/01/2013,Đổ xăng,50.000,Xuân Hồng,1,
28/01/2013,Linh tinh,25.000,Nước ngọt,1,
28/01/2013,Ăn tối,21.000,Cơm tấm Lũy Bán Bích,1,
28/01/2013,Gửi xe,3.000,Sân banh Huỳnh Tấn 4,1,
29/01/2013,Ăn sáng,27.000,Hủ tiếu Tân Sơn Nhì,1,
29/01/2013,Linh tinh,30.000,Cắt chìa khóa,1,
29/01/2013,Rút tài khoản,-3.000.000,Trương Vĩnh Ký,0,
29/01/2013,Cho mượn,3.000.000,Nhân,0,
29/01/2013,Ăn trưa,17.000,Cơm chay Bình Giã,1,
29/01/2013,Rút tài khoản,-10.000.000,Trương Vĩnh Ký,0,
29/01/2013,Cho mượn,9.000.000,Chị Hai,0,
29/01/2013,Linh tinh,90.000,Bù tiền mua máy tính cho Hai,1,
29/01/2013,Ăn tối,34.000,Mì Ga Sài Gòn,1,
29/01/2013,Đổ xăng,50.000,Trương Định,1,
29/01/2013,Linh tinh,65.000,Cà phê Piano Nguyễn Trọng Tuyển,1,
30/01/2013,Ăn sáng,20.000,Bún bò Bình Giã,1,
30/01/2013,Linh tinh,20.000,Góp tiền ăn xôi gà,1,
30/01/2013,Ăn trưa,25.000,Hủ tiếu khô,1,
31/01/2013,Ăn sáng,9.000,Bánh mì,1,
31/01/2013,Ăn trưa,20.000,Hủ tiếu khô,1,
31/01/2013,Linh tinh,15.000,Bột  chiên,1,
01/02/2013,Ăn trưa,100.000,Món Huế Nguyễn Văn Trỗi,1,
01/02/2013,Đổ xăng,50.000,Trương Công Định,1,
01/02/2013,Ăn tối,22.000,Cơm tấm Trương Vĩnh Ký,1,
01/02/2013,Linh tinh,15.000,Hủ tiếu gõ,1,
02/02/2013,Thu tiền mượn,-500.000,Nghĩa,0,
02/02/2013,Linh tinh,5.000,Phí đổi thông tin tài khoản điện thoại,1,
02/02/2013,Linh tinh,180.000,Ốp lưng + dán điện thoại,1,
02/02/2013,Ăn trưa,25.000,Phở Nguyễn Thái Bình,1,
02/02/2013,Gửi xe,5.000,Rạp Galaxy Tân Bình,1,
02/02/2013,Linh tinh,68.000,Nước ngọt + bắp rang,1,
02/02/2013,Ăn tối,27.000,Mì quảng Tân Sơn Nhì,1,
02/02/2013,Linh tinh,10.000,Mì gõ,1,
03/02/2013,Ăn sáng,31.000,Bò bít tết Gò Dầu,1,
03/02/2013,Linh tinh,130.000,Cục sạc Sam Sung,1,
03/02/2013,Đổ xăng,50.000,Trương Công Định,1,
03/02/2013,Ăn trưa,17.000,Cơm chay Bình Giã,1,
03/02/2013,Linh tinh,50.000,Cáp Micro USB,1,
04/02/2013,Ăn sáng,25.000,Bánh canh cua Nguyễn Cửu Đàm,1,
04/02/2013,Ăn trưa,50.000,Bún thịt nướng Lê Văn Sỹ,1,
04/02/2013,Linh tinh,24.000,Bánh mì,1,
04/02/2013,Gửi xe,3.000,Sân Huỳnh Tấn 4,1,
04/02/2013,Ăn tối,22.000,Hủ tiếu Gò Dầu,1,
05/02/2013,Ăn sáng,20.000,Bún bò Bình Giã,1,
05/02/2013,Ăn trưa,50.000,Bánh cuốn CMT8,1,
05/02/2013,Linh tinh,140.000,Pin máy chụp hình Sony,1,
05/02/2013,Linh tinh,12.000,Bánh mì,1,
05/02/2013,Đổ xăng,50.000,Xuân Hồng,1,
05/02/2013,Ăn tối,25.000,Cơm tấm Tân Sơn Nhì,1,
05/02/2013,Linh tinh,70.000,Cà phê PB,1,
05/02/2013,Linh tinh,120.000,Cà phê SM,1,
06/02/2013,Ăn sáng,25.000,Bánh canh cua Nguyễn Cửu Đàm,1,
06/02/2013,Linh tinh,8.000,Bánh mì,1,
06/02/2013,Ăn tối,22.000,Hủ tiếu Gò Dầu,1,
06/02/2013,Thu tiền mượn,-3.000.000,Nhân,0,
07/02/2013,Linh tinh,1.000.000,"Vé tàu, đồ cho Kiên, ...",1,
07/02/2013,Cho mượn,1.000.000,Chị Hai,0,
07/02/2013,Linh tinh,10.000,Bánh mì,1,
07/02/2013,Linh tinh,10.000,Nước,1,
07/02/2013,Ăn tối,35.000,Trên tàu,1,
08/02/2013,Linh tinh,10.000,Xe ôm,1,
08/02/2013,Linh tinh,7.000,Xe buýt từ ga Diêu Trì tới Quy Nhơn,1,
08/02/2013,Linh tinh,15.000,Xe buýt từ Quy Nhơn về Xuân Hải,1,
10/02/2013,Thu tiền mượn,-1.000.000,Phong,0,
10/02/2013,Linh tinh,50.000,Lì xì Kiên,1,
10/02/2013,Linh tinh,1.000.000,Lì xì Ba Má,1,
10/02/2013,Linh tinh,200.000,Lì xì Ngoại,1,
10/02/2013,Thu,-1.000,Loan lì xì,1,
11/02/2013,Đổ xăng,50.000,"Hòa Phú, Phú Yên",1,
11/02/2013,Linh tinh,50.000,Họp lớp 12A,1,
12/02/2013,Thu,-255.000,Đánh bài với gia đình,1,
12/02/2013,Thu,-5.000,Bán đồ thối lại,1,
13/02/2013,Thu,-115.000,Đánh bài với gia đình,1,
14/02/2013,Linh tinh,250.000,Họp lớp 12A,1,
15/02/2013,Cho mượn,1.700.000,Má,0,
15/02/2013,Thu,-30.000,Đánh bài với gia đình,1,
15/02/2013,Thu tiền mượn,-1.700.000,Má,0,
16/02/2013,Linh tinh,10.000,Thuốc đau họng,1,
18/02/2013,Linh tinh,32.000,Thuốc đau họng,1,
19/02/2013,Linh tinh,81.000,Rửa hình,1,
19/02/2013,Hớt tóc,23.000,Anh Tuấn,1,
19/02/2013,Ăn tối,22.000,Cơm tấm Trương Vĩnh Ký,1,
20/02/2013,Phòng,630.000,Tháng 2,1,
20/02/2013,Linh tinh,20.000,Thuốc đau họng,1,
20/02/2013,Ăn sáng,24.000,Phở Trương Công Định,1,
20/02/2013,Ăn trưa,57.000,Bò bít tết Nguyễn Thái Bình,1,
20/02/2013,Ăn tối,25.000,Bún mắm Trương Vĩnh Ký,1,
20/02/2013,Đổ xăng,50.000,Tân Kỳ Tân Quý,1,
21/02/2013,Ăn sáng,18.000,Bánh canh cá lóc,1,
21/02/2013,Ăn trưa,56.000,Cơm (Bún Ngon),1,
21/02/2013,Linh tinh,12.000,Bánh mì,1,
21/02/2013,Rút tài khoản,-96.000,Thanh toán online,0,
21/02/2013,Linh tinh,96.000,Nạp card điện thoại,1,
22/02/2013,Ăn sáng,15.000,Bánh cuốn,1,
22/02/2013,Linh tinh,8.000,Chanh muối,1,
22/02/2013,Ăn trưa,19.000,Cơm Tấm Ngon,1,
22/02/2013,Linh tinh,12.000,Bánh mì,1,
23/02/2013,Rút tài khoản,-9.000.000,,0,
23/02/2013,Linh tinh,8.600.000,Trả tiền Galaxy S3 cho Lai,1,1
23/02/2013,Ăn sáng,48.000,Phở Ba Vân với Lai,1,
23/02/2013,Linh tinh,14.000,Phụ tiền cà phê với Lai,1,
23/02/2013,Gửi xe,5.000,Rạp Galaxy Tân Bình,1,
23/02/2013,Ăn trưa,40.000,Cơm tấm Tú Mập,1,
23/02/2013,Đổ xăng,50.000,Cộng Hòa,1,
23/02/2013,Ăn tối,30.000,Bún chả cá Tô Hiến Thành,1,
23/02/2013,Rút tài khoản,-200.000,,0,
23/02/2013,Linh tinh,8.000,Trà xanh,1,
23/02/2013,Linh tinh,120.000,Cà phê SM,1,
24/02/2013,Ăn sáng,18.000,Bánh mì,1,
24/02/2013,Ăn tối,25.000,Bún bò,1,
25/02/2013,Ăn sáng,24.000,Phở Ba Vân,1,
25/02/2013,Ăn trưa,25.000,Hủ tiếu,1,
25/02/2013,Linh tinh,12.000,Bánh mì,1,
26/02/2013,Đổ xăng,50.000,Bà Quẹo,1,
26/02/2013,Ăn sáng,20.000,Bánh canh chả cá,1,
26/02/2013,Ăn trưa,25.000,Cơm Chuồn Chuồn mới,1,
26/02/2013,Gửi xe,3.000,Sân bóng Huỳnh Tấn 4,1,
26/02/2013,Ăn tối,23.000,Hủ tiếu Gò Dầu,1,
27/02/2013,Ăn trưa,40.000,Bún chả (Bún Ngon),1,
27/02/2013,Linh tinh,18.000,Hambuger,1,
28/02/2013,Ăn sáng,15.000,Bánh cuốn,1,
28/02/2013,Ăn trưa,54.000,Lottery,1,
28/02/2013,Linh tinh,70.000,Trả tiền xem phim cho a Thành,1,
28/02/2013,Thu,-9.000,Nhân trả tiền cơm dư,1,
28/02/2013,Cho mượn,500.000,Nhân,0,
01/03/2013,Ăn trưa,26.000,Mì Quảng Tân Sơn Nhì,1,
01/03/2013,Linh tinh,2.000,Bơm xe,1,
01/03/2013,Rút tài khoản,-800.000,,0,
01/03/2013,Linh tinh,200.000,Cà phê SM,1,
01/03/2013,Đổ xăng,50.000,Tân Sơn Nhì,1,
02/03/2013,Thu tiền mượn,-500.000,Nhân,0,
02/03/2013,Ăn trưa,25.000,Mì Quảng Tân Sơn Nhì,1,
02/03/2013,Ăn tối,22.000,Cơm tấm Trương Vĩnh Ký,1,
02/03/2013,Linh tinh,80.000,Cà phê với Trúc,1,
03/03/2013,Đổ xăng,40.000,Nguyễn Thị Định,1,
03/03/2013,Linh tinh,10.000,Hủ tiếu,1,
04/03/2013,Ăn sáng,15.000,Bánh cuốn,1,
04/03/2013,Ăn trưa,80.000,Siêu thị Maximart,1,
04/03/2013,Linh tinh,0,Ăn xế với anh Sỹ (nợ 15k),1,
04/03/2013,Gửi xe,3.000,Sân bóng Huỳnh Tấn 4,1,
04/03/2013,Linh tinh,12.000,Revive,1,
04/03/2013,Ăn tối,15.000,Bánh mì,1,
05/03/2013,Ăn sáng,24.000,Phở Ba Vân,1,
05/03/2013,Ăn trưa,25.000,Bún cá rô đồng,1,
05/03/2013,Linh tinh,10.000,Revive,1,
05/03/2013,Gửi xe,3.000,Sân bóng Huỳnh Tấn 4,1,
05/03/2013,Ăn tối,29.000,Cơm tấm Trương Vĩnh Ký,1,
06/03/2013,Đổ xăng,50.000,Trương Công Định,1,
06/03/2013,Ăn sáng,9.000,Bánh mì,1,
06/03/2013,Ăn trưa,50.000,Cơm Lành Canh Ngọt,1,
06/03/2013,Linh tinh,50.000,Góp tiền tổ chức 8-3,1,
06/03/2013,Linh tinh,12.000,Hủ tiếu,1,
07/03/2013,Ăn sáng,26.000,Mì Quảng Tân Sơn Nhì,1,
07/03/2013,Ăn trưa,50.000,Cơm Tấm Ngon,1,
07/03/2013,Ăn tối,64.000,Bún chả cá + 4 cuốn nem thịt,1,
08/03/2013,Cho mượn,350.000,Nhân,0,
08/03/2013,Ăn sáng,7.000,Xôi,1,
08/03/2013,Thu tiền mượn,-350.000,Nhân,0,
08/03/2013,Linh tinh,17.000,Hủ tiếu,1,
08/03/2013,Ăn tối,25.000,Bún mắm Trương Vĩnh Ký,1,
09/03/2013,Gửi xe,3.000,Sân bóng K334,1,
09/03/2013,Linh tinh,12.000,1 lon Red Bull,1,
09/03/2013,Ăn tối,23.000,Hủ tiếu Lê Bình,1,
09/03/2013,Rút tài khoản,-500.000,,0,
09/03/2013,Linh tinh,135.000,Cà phê SM,1,
10/03/2013,Đổ xăng,50.000,Tân Kỳ Tân Quý,1,
10/03/2013,Ăn trưa,27.000,Bún bò Nguyễn Minh Hoàng,1,
10/03/2013,Ăn tối,38.000,Cơm tấm + bánh mì + nước cho Nhân,1,
11/03/2013,Ăn sáng,10.000,Bánh mì,1,
11/03/2013,Linh tinh,100.000,Đóng tiền đá banh giải,1,
11/03/2013,Ăn trưa,35.000,Cơm Bún Ngon,1,
11/03/2013,Linh tinh,172.000,Chuyển team đãi nước sâm,1,
11/03/2013,Gửi xe,3.000,Sân bóng Huỳnh Tấn 4,1,
11/03/2013,Ăn tối,24.000,Hủ tiếu Gò Dầu,1,
12/03/2013,Rút tài khoản,-1.000.000,,0,
12/03/2013,Ăn sáng,18.000,Bánh canh cá lóc,1,
12/03/2013,Thay nhớt,800.000,+ sửa xe,1,
12/03/2013,Đổ xăng,50.000,Tân Kỳ Tân Quý,1,
12/03/2013,Ăn trưa,52.000,Bít tết 2 Chị Em,1,
12/03/2013,Linh tinh,12.000,Hủ tiếu,1,
12/03/2013,Linh tinh,10.000,Pepsi,1,
12/03/2013,Gửi xe,3.000,Sân bóng Huỳnh Tấn 4,1,
12/03/2013,Ăn tối,15.000,Bánh mì,1,
13/03/2013,Ăn sáng,26.000,Phở Nguyễn Thái Bình,1,
13/03/2013,Ăn trưa,50.000,Cơm Tấm Ngon,1,
13/03/2013,Linh tinh,15.000,Bánh mì,1,
14/03/2013,Ăn sáng,26.000,Mì quảng Tân Sơn Nhì,1,
14/03/2013,Ăn trưa,45.000,Bún Ngon,1,
15/03/2013,Ăn sáng,18.000,Bánh canh cá lóc,1,
15/03/2013,Rút tài khoản,-2.000.000,,0,
15/03/2013,Ăn trưa,32.000,Bún bò Huế,1,
15/03/2013,Ăn tối,23.000,Hủ tiếu,1,
15/03/2013,Đổ xăng,50.000,Ngã tư Phú Nhuận,1,
15/03/2013,Linh tinh,135.000,Cà phê với Trúc,1,
15/03/2013,Gửi xe,10.000,Cạnh Nhà Văn Hóa Thanh Niên,1,
16/03/2013,Phòng,650.000,Đưa dư 50k,1,
16/03/2013,Gửi xe,3.000,Sân bóng 367,1,
16/03/2013,Ăn tối,23.000,Cơm tấm Trương Vĩnh Ký,1,
17/03/2013,Đổ xăng,50.000,Nguyễn Duy Trinh,1,
17/03/2013,Ăn tối,60.000,Hủ tiếu,1,
18/03/2013,Ăn sáng,18.000,Bánh canh cá lóc,1,
18/03/2013,Ăn trưa,30.000,Chuồn Chuồn mới,1,
18/03/2013,Linh tinh,10.000,Bánh trán trộn,1,
18/03/2013,Linh tinh,24.000,Revive,1,
18/03/2013,Gửi xe,3.000,Sân bóng Huỳnh Tấn 4,1,
18/03/2013,Ăn tối,12.000,Bánh mì,1,
18/03/2013,Đổ xăng,50.000,Tân Kỳ Tân Quý,1,
19/03/2013,Ăn sáng,10.000,Xôi,1,
19/03/2013,Ăn trưa,26.000,Bún chả cá Thu,1,
19/03/2013,Linh tinh,50.000,Đóng tiền đá banh,1,
19/03/2013,Ăn tối,24.000,Cơm tấm Trương Vĩnh Ký,1,
20/03/2013,Ăn sáng,15.000,Bánh cuốn,1,
20/03/2013,Ăn sáng,40.000,Cơm Bún Ngon,1,
20/03/2013,Linh tinh,45.000,Tiền vé xem phim cho anh Thành,1,
20/03/2013,Linh tinh,20.000,Tiền nước xem phim cho Phi,1,
20/03/2013,Linh tinh,10.000,Bánh mì,1,
21/03/2013,Ăn sáng,24.000,Phở Ba Vân,1,
21/03/2013,Ăn trưa,70.000,Bánh xèo Mười Xiềm,1,
21/03/2013,Linh tinh,10.000,Red Bull,1,
21/03/2013,Linh tinh,12.000,Bánh mì,1,
22/03/2013,Ăn sáng,33.000,Bò bít tết,1,
22/03/2013,Linh tinh,5.000,Đĩa Hiren Boot,1,
22/03/2013,Ăn trưa,23.000,Hủ tiếu,1,
23/03/2013,Ăn sáng,18.000,Bánh canh cá lóc,1,
23/03/2013,Gửi xe,3.000,Sân bóng 367,1,
23/03/2013,Đổ xăng,50.000,Cộng Hòa,1,
24/03/2013,Ăn sáng,19.000,Bún nem nướng,1,
24/03/2013,Ăn trưa,18.000,Cơm chay Bình Giã,1,
24/03/2013,Linh tinh,150.000,"Sửa xe: Thay bố, chỉnh máy, phốt...",1,
24/03/2013,Đổ xăng,50.000,Ngã tư Bảy Hiền,1,
25/03/2013,Ăn sáng,26.000,Mì quảng Tân Sơn Nhì,1,
25/03/2013,Ăn trưa,100.000,Pico Plaza,1,
25/03/2013,Linh tinh,20.000,2 chai Revive,1,
25/03/2013,Gửi xe,0,Sân bóng Huỳnh Tấn 4 (nợ Nguyên 3k),1,
25/03/2013,Ăn tối,15.000,Bánh mì,1,
26/03/2013,Ăn sáng,25.000,Bánh canh cua,1,
26/03/2013,Rút tài khoản,-2.000.000,ACB gần công ty,0,
26/03/2013,Ăn trưa,20.000,Cơm hộp,1,
26/03/2013,Linh tinh,20.000,2 chai Revive,1,
26/03/2013,Gửi xe,3.000,Sân bóng K334,1,
26/03/2013,Ăn tối,19.000,Hủ tiếu,1,
27/03/2013,Ăn sáng,20.000,Bánh cuốn,1,
27/03/2013,Ăn trưa,50.000,Cơm Tấm Ngon,1,
28/03/2013,Ăn sáng,26.000,Mì quảng Tân Sơn Nhì,1,
28/03/2013,Đổ xăng,50.000,Bà Quẹo,1,
28/03/2013,Ăn trưa,40.000,Hủ tiếu gần công viên Lê Thị Riêng,1,
28/03/2013,Ăn tối,25.000,Bún bò vỉa hè Trường Chinh,1,
29/03/2013,Ăn sáng,23.000,Phở Nghi,1,
29/03/2013,Ăn trưa,40.000,Bún Ngon,1,
29/03/2013,Nhậu,100.000,"Với Loan, Linh",1,
29/03/2013,Linh tinh,4.000,Quán nhậu,1,
30/03/2013,Ăn sáng,18.000,Bánh canh cá lóc,1,
30/03/2013,Gửi xe,3.000,Sân bóng 367,1,
30/03/2013,Linh tinh,10.000,Revive,1,
30/03/2013,Ăn tối,24.000,Cơm tấm Trương Vĩnh Ký,1,
30/03/2013,Đổ xăng,50.000,Quận 7,1,
30/03/2013,Linh tinh,30.000,Cà phê,1,
30/03/2013,Linh tinh,200.000,SM,1,
31/03/2013,Ăn sáng,28.000,Hủ tiếu,1,
31/03/2013,Linh tinh,15.000,Rửa xe,1,
31/03/2013,Đổ xăng,50.000,Ngã ba Lạc Long Quân - Lý Thương Kiệt,1,
31/03/2013,Ăn tối,84.000,Bún chả cá với Trúc,1,
01/04/2013,Ăn sáng,15.000,Bánh cuốn,1,
01/04/2013,Ăn trưa,35.000,Cơm Bún Ngon,1,
01/04/2013,Linh tinh,0,Red Bull,1,
01/04/2013,Linh tinh,20.000,2 chai Revive,1,
01/04/2013,Gửi xe,3.000,Sân bóng Huỳnh Tấn 4,1,
01/04/2013,Ăn tối,15.000,Bánh mì,1,
02/04/2013,Ăn sáng,7.000,Xôi,1,
02/04/2013,Ăn trưa,40.000,Cơm Tấm Nhớ,1,
02/04/2013,Linh tinh,20.000,2 chai Revive,1,
02/04/2013,Đổ xăng,40.000,Cộng Hòa,1,
02/04/2013,Gửi xe,3.000,Sân bóng K334,1,
02/04/2013,Ăn tối,15.000,Bánh mì,1,
03/04/2013,Ăn sáng,25.000,Mì quảng Tân Sơn Nhì,1,
03/04/2013,Ăn trưa,25.000,Hủ tiếu Lê Tú,1,
03/04/2013,Ăn tối,23.000,Cơm tấm Trương Vĩnh Ký,1,
04/04/2013,Ăn sáng,15.000,Bánh cuốn,1,
04/04/2013,Linh tinh,20.000,Vé số,1,
04/04/2013,Ăn trưa,50.000,Cơm Tấm Nhớ,1,
04/04/2013,Ăn tối,28.000,Cơm chiên bò lúc lắc,1,
05/04/2013,Cho mượn,200.000,Nhân,0,
05/04/2013,Ăn sáng,33.000,Bò bít tết,1,
05/04/2013,Rút tài khoản,-1.000.000,Trương Vĩnh Ký,0,
05/04/2013,Gửi xe,4.000,Trung tâm triển lãm SECC quận 7,1,
05/04/2013,Ăn trưa,61.000,Cà phê Rever quận 7,1,
05/04/2013,Đổ xăng,50.000,Bạch Đằng,1,
05/04/2013,Ăn tối,26.000,Bún bò,1,
06/04/2013,Ăn sáng,18.000,Bánh canh cá lóc,1,
06/04/2013,Gửi xe,3.000,Sân bóng 367,1,
06/04/2013,Thu,-1.000,Lượm,1,
06/04/2013,Thu tiền mượn,-200.000,Nhân,0,
06/04/2013,Đổ xăng,40.000,Nguyễn Duy Trinh,1,
06/04/2013,Linh tinh,400.000,SM,1,
06/04/2013,Linh tinh,36.000,Revive,1,
06/04/2013,Linh tinh,26.000,Cá viên chiên,1,
07/04/2013,Linh tinh,12.000,Cà phê,1,
07/04/2013,Ăn sáng,12.000,Bánh mì chả bò,1,
07/04/2013,Đổ xăng,50.000,Trương Công Định,1,
07/04/2013,Ăn trưa,50.000,Cơm Tấm Ngon,1,
07/04/2013,Linh tinh,10.000,Cho Thu mua bánh mì,1,
07/04/2013,Ăn tối,28.000,Hủ tiếu,1,
07/04/2013,Linh tinh,48.000,Trà chanh với Thu,1,
08/04/2013,Linh tinh,50.000,2 lốc sữa Dutch Lady,1,
08/04/2013,Linh tinh,150.000,Đóng tiền team building,1,
08/04/2013,Ăn trưa,40.000,Ngõ Huế,1,
08/04/2013,Rút tài khoản,-400.000,,0,
08/04/2013,Linh tinh,80.000,Đặt vé xem phim,1,
08/04/2013,Linh tinh,40.000,Ăn xế,1,
08/04/2013,Linh tinh,22.000,2 chai Revive,1,
08/04/2013,Gửi xe,3.000,Sân bóng Huỳnh Tấn 4,1,
08/04/2013,Ăn tối,15.000,Bánh mì,1,
09/04/2013,Ăn sáng,10.000,Xôi,1,
09/04/2013,Linh tinh,20.000,Nước ngọt xem phim,1,
09/04/2013,Ăn trưa,40.000,Cơm tấm Tú Mập,1,
09/04/2013,Linh tinh,5.000,Bánh bò dừa của HCS,1,
09/04/2013,Linh tinh,20.000,Revive,1,
09/04/2013,Gửi xe,3.000,Sân bóng Huỳnh Tấn 4,1,
09/04/2013,Ăn tối,10.000,Bánh mì,1,
10/04/2013,Đổ xăng,50.000,Trương Công Định,1,
10/04/2013,Ăn sáng,10.000,Bánh cuốn,1,
10/04/2013,Ăn trưa,15.000,Hủ tiếu chay,1,
10/04/2013,Linh tinh,40.000,Uống nước với Thu,1,
11/04/2013,Ăn sáng,20.000,Bánh cuốn,1,
11/04/2013,Ăn trưa,30.000,Cơm Bún Ngon,1,
11/04/2013,Linh tinh,15.000,Bột chiên,1,
11/04/2013,Ăn tối,15.000,Bánh mì,1,
12/04/2013,Ăn sáng,18.000,Bánh canh cá lóc,1,
12/04/2013,Ăn trưa,80.000,Ăn lẫu trong siêu thị,1,
12/04/2013,Thu,-100.000,Quà sinh nhật công ty,1,
12/04/2013,Ăn tối,18.000,Hủ tiếu chay,1,
13/04/2013,Linh tinh,14.000,Cà phê sữa đá,1,
13/04/2013,Linh tinh,80.000,Đi chơi Vũng Tàu,1,
14/04/2013,Ăn tối,26.000,Bún bò,1,
15/04/2013,Rút tài khoản,-4.000.000,,0,
15/04/2013,Phòng,600.000,,1,
15/04/2013,Ăn sáng,25.000,Phở,1,
15/04/2013,Ăn trưa,30.000,Bún chả,1,
15/04/2013,Linh tinh,10.000,Bánh mì,1,
15/04/2013,Linh tinh,16.000,Revive,1,
15/04/2013,Gửi xe,3.000,Sân bóng Huỳnh Tấn 4,1,
15/04/2013,Ăn tối,15.000,Bánh mì,1,
16/04/2013,Linh tinh,2.000,Bơm lốp xe,1,
16/04/2013,Ăn sáng,26.000,Mì quảng Tân Sơn Nhì,1,
16/04/2013,Đổ xăng,50.000,Ngã tư Bà Quẹo,1,
16/04/2013,Rút tài khoản,-2.500.000,,0,
16/04/2013,Cho mượn,2.500.000,Thu,0,
16/04/2013,Ăn trưa,30.000,Bún cá rô đồng,1,
16/04/2013,Linh tinh,12.000,Pizza,1,
16/04/2013,Ăn tối,24.000,Cơm tấm,1,
16/04/2013,Gửi xe,10.000,Nhà văn hóa Phú Nhuận,1,
17/04/2013,Ăn sáng,20.000,Bánh cuốn,1,
17/04/2013,Ăn trưa,80.000,Monaco (siêu thị),1,
17/04/2013,Linh tinh,10.000,Kem (ăn xế),1,
17/04/2013,Nhậu,614.000,Sinh nhật với team,1,
18/04/2013,Ăn sáng,33.000,Bò bít tết,1,
18/04/2013,Ăn trưa,40.000,Cơm tấm ngon,1,
18/04/2013,Linh tinh,65.000,"Đồ chơi cho Quốc, Quân",1,
18/04/2013,Đổ xăng,50.000,Nguyễn Duy Trinh,1,
19/04/2013,Linh tinh,6.000,Kẹo cho bé Sang,1,
19/04/2013,Linh tinh,18.000,Gỏi cuốn,1,
19/04/2013,Linh tinh,16.000,Revive,1,
19/04/2013,Ăn tối,26.000,Bún bò,1,
19/04/2013,Linh tinh,70.000,Tất + đồ bảo vệ chân,1,
20/04/2013,Ăn sáng,18.000,Bánh canh cá lóc,1,
20/04/2013,Linh tinh,20.000,Revive,1,
20/04/2013,Gửi xe,3.000,Sân bóng 917A,1,
20/04/2013,Ăn trưa,18.000,Cơm chay,1,
20/04/2013,Ăn tối,23.000,Cơm tấm Trương Vĩnh Ký,1,
20/04/2013,Đổ xăng,50.000,Lũy Bán Bích,1,
21/04/2013,Linh tinh,140.000,Đi chơi Bò Cạp Vàng,1,
21/04/2013,Đổ xăng,50.000,Nguyễn Thị Định,1,
21/04/2013,Linh tinh,70.000,Ăn tối với nhóm đi chơi,1,
21/04/2013,Cho mượn,500.000,Nghĩa,0,
21/04/2013,Linh tinh,15.000,Ăn khuya,1,
22/04/2013,Ăn sáng,20.000,Bún chả cá Trương Hoàng Thanh,1,
22/04/2013,Rút tài khoản,-2.000.000,,0,
22/04/2013,Cho mượn,3.000.000,Chị Hai,0,
22/04/2013,Ăn trưa,45.000,Phở khô Lê Thị Riêng,1,
22/04/2013,Rút tài khoản,-225.000,,0,
22/04/2013,Linh tinh,44.000,Mua vé xem phim Obvilion (còn Thanh),1,
22/04/2013,Linh tinh,18.000,Gỏi cuốn,1,
22/04/2013,Linh tinh,16.000,Revive,1,
22/04/2013,Gửi xe,3.000,Sân bóng Huỳnh Tấn 4,1,
22/04/2013,Ăn tối,25.000,Bún bò Hương Giang,1,
23/04/2013,Rút tài khoản,-1.500.000,,0,
23/04/2013,Ăn sáng,25.000,Phở Nguyễn Thái Bình,1,
23/04/2013,Thất thoát,16.000,,1,
23/04/2013,Ăn trưa,27.000,Bún bò,1,
23/04/2013,Linh tinh,20.000,Revive,1,
23/04/2013,Gửi xe,3.000,Sân bóng K334,1,
23/04/2013,Ăn tối,23.000,Cơm tấm Trương Vĩnh Ký,1,
24/04/2013,Ăn sáng,26.000,Mì quảng Tân Sơn Nhì,1,
24/04/2013,Đổ xăng,50.000,Ngã tư Bà Quẹo,1,
24/04/2013,Ăn trưa,40.000,Cơm Tấm Nhớ,1,
24/04/2013,Linh tinh,25.000,Trả tiền nước cho Phi,1,
24/04/2013,Linh tinh,100.000,Hội thảo Mobile Monday,1,
24/04/2013,Linh tinh,15.000,Gửi xe & WC,1,
24/04/2013,Ăn tối,20.000,Hủ tiếu,1,
25/04/2013,Ăn sáng,15.000,Bánh cuốn,1,
25/04/2013,Ăn trưa,35.000,Cơm Bún Ngon,1,
25/04/2013,Ăn tối,23.000,Cơm tấm Trương Vĩnh Ký,1,
25/04/2013,Rút tài khoản,-96.000,,0,
25/04/2013,Linh tinh,96.000,Nạp tiền điện thoại,1,
25/04/2013,Linh tinh,15.000,Hủ tiếu,1,
26/04/2013,Ăn sáng,33.000,Bò bít tết,1,
26/04/2013,Ăn trưa,80.000,Cơm gà Hồng Phát,1,
26/04/2013,Linh tinh,14.000,Bánh mì,1,
26/04/2013,Ăn tối,18.000,Hủ tiếu chay Việt Đan,1,
26/04/2013,Đổ xăng,50.000,Phan Huy Ích,1,
26/04/2013,Linh tinh,170.000,SM,1,
26/04/2013,Thu tiền mượn,-500.000,Nghĩa,0,
27/04/2013,Ăn sáng,25.000,Phở Ba Vân,1,
27/04/2013,Linh tinh,5.000,Cho anh Chiến mượn,1,
27/04/2013,Hớt tóc,35.000,Anh Tuấn,1,
28/04/2013,Linh tinh,20.000,Cà phê,1,
28/04/2013,Linh tinh,150.000,Trả tiền vé cho Lai,1,
28/04/2013,Đổ xăng,50.000,Kha Vạn Cân,1,
29/04/2013,Ăn sáng,10.000,Bánh mì,1,
30/04/2013,Ăn sáng,20.000,Bún mọc chợ Tân Lập,1,
30/04/2013,Đổ xăng,50.000,Nguyễn Duy Trinh,1,
30/04/2013,Linh tinh,1.000,Cho bé Lệ quánh bài,1,
01/05/2013,Linh tinh,315.000,"Đi chơi với Loan, Văn, Trúc",1,
01/05/2013,Ăn tối,31.000,Bún mắm,1,
02/05/2013,Ăn sáng,14.000,Bánh mì,1,
02/05/2013,Đổ xăng,50.000,Phan Đăng Lưu,1,
02/05/2013,Ăn trưa,35.000,Cơm Bún Ngon,1,
02/05/2013,Cho mượn,100.000,Thanh,0,
02/05/2013,Linh tinh,19.000,Nước ngọt,1,
02/05/2013,Ăn tối,17.000,Hủ tiếu,1,
03/05/2013,Ăn sáng,25.000,Phở Nguyễn Thái Bình,1,
03/05/2013,Ăn trưa,100.000,Siêu thị,1,
03/05/2013,Ăn tối,23.000,Cơm tấm Trương Vĩnh Ký,1,
04/05/2013,Ăn sáng,18.000,Bánh canh cá lóc,1,
04/05/2013,Linh tinh,18.000,Revive,1,
04/05/2013,Gửi xe,3.000,Sân bóng 367,1,
04/05/2013,Ăn tối,26.000,Bún bò,1,
04/05/2013,Đổ xăng,50.000,Nguyễn Thị Thập,1,
04/05/2013,Linh tinh,200.000,SM,1,
05/05/2013,Thay nhớt,85.000,"+ thay bóng đèn, chỉnh máy",1,
05/05/2013,Rút tài khoản,-1.000.000,Tân Quý,0,
05/05/2013,Ăn trưa,108.000,Cơm Tấm Nhớ,1,
05/05/2013,Linh tinh,185.000,Giày đá banh ProWin,1,
06/05/2013,Ăn sáng,26.000,Mì quảng Tân Sơn Nhì,1,
06/05/2013,Ăn trưa,50.000,Bánh xèo Xuân Hồng,1,
06/05/2013,Linh tinh,1.000,Cho anh Hùng,1,
06/05/2013,Thu tiền mượn,-100.000,Thanh,0,
06/05/2013,Linh tinh,18.000,Gỏi cuốn Lê Bình,1,
06/05/2013,Linh tinh,16.000,Revive,1,
06/05/2013,Gửi xe,3.000,Sân bóng Huỳnh Tấn 4,1,
06/05/2013,Ăn tối,15.000,Bánh mì,1,
07/05/2013,Ăn sáng,25.000,Bún chả cá,1,
07/05/2013,Ăn trưa,23.000,Hủ tiếu khô,1,
07/05/2013,Linh tinh,16.000,Revive,1,
07/05/2013,Gửi xe,3.000,Sân bóng K334,1,
07/05/2013,Ăn tối,15.000,Bánh mì,1,
08/05/2013,Ăn sáng,23.000,Phở Nghi,1,
08/05/2013,Đổ xăng,50.000,Trương Công Định,1,
08/05/2013,Ăn trưa,60.000,Cơm Tấm Ngon,1,
08/05/2013,Ăn tối,25.000,Bún bò Sông Hương,1,
09/05/2013,Ăn sáng,33.000,Bò bít tết,1,
09/05/2013,Ăn trưa,25.000,Cơm Bún Ngon,1,
09/05/2013,Linh tinh,17.000,Thuốc cảm,1,
10/05/2013,Ăn sáng,20.000,Bánh cuốn,1,
10/05/2013,Ăn trưa,19.000,Bánh mì + Sting,1,
10/05/2013,Ăn tối,18.000,Cơm tấm,1,
11/05/2013,Ăn sáng,18.000,Bánh canh cá lóc,1,
11/05/2013,Linh tinh,18.000,Revive,1,
11/05/2013,Gửi xe,3.000,Sân bóng 367,1,
11/05/2013,Ăn trưa,18.000,Cơm chay Việt Đan,1,
11/05/2013,Cho mượn,500.000,Anh Tự Không,0,
11/05/2013,Đổ xăng,50.000,Lý Thường Kiệt,1,
11/05/2013,Rút tài khoản,-1.000.000,Tân Quý,0,
11/05/2013,Ăn tối,23.000,Bún bò,1,
11/05/2013,Linh tinh,11.000,Bột chiên,1,
12/05/2013,Ăn sáng,28.000,Bún cá rô đồng,1,
12/05/2013,Phòng,675.000,,1,
13/05/2013,Ăn sáng,12.000,Bánh mì,1,
13/05/2013,Ăn trưa,30.000,Cơm Cafe Thụy Miên,1,
13/05/2013,Linh tinh,26.500,Bún nem nước + rau má,1,
13/05/2013,Linh tinh,500,Bỏ heo,1,
13/05/2013,Linh tinh,22.000,Revive,1,
13/05/2013,Gửi xe,3.000,Sân bóng Huỳnh Tấn 4,1,
13/05/2013,Ăn tối,15.000,Bánh mì,1,
14/05/2013,Ăn sáng,26.000,Mì quảng Tân Sơn Nhì,1,
14/05/2013,Đổ xăng,50.000,Ngã tư Bà Quẹo,1,
14/05/2013,Thu tiền mượn,-500.000,Anh Tự Không,0,
14/05/2013,Ăn trưa,35.000,Bún Ngon,1,
14/05/2013,Linh tinh,16.000,Revive,1,
14/05/2013,Gửi xe,3.000,Sân bóng K334,1,
14/05/2013,Ăn tối,15.000,Bánh mì,1,
15/05/2013,Ăn sáng,20.000,Bánh cuốn,1,
15/05/2013,Ăn trưa,50.000,Cơm Tấm Ngon,1,
16/05/2013,Ăn sáng,26.000,Mì quảng Tân Sơn Nhì,1,
16/05/2013,Linh tinh,20.000,Mít,1,
16/05/2013,Ăn trưa,70.000,Cơm gà Hồng Phát,1,
17/05/2013,Ăn sáng,25.000,Phở,1,
17/05/2013,Nhậu,100.000,Chia tay a.Thành,1,
17/05/2013,Linh tinh,8.000,Vĩnh Hảo Chanh,1,
18/05/2013,Linh tinh,18.000,Revive,1,
18/05/2013,Ăn sáng,12.000,Bánh mì,1,
18/05/2013,Gửi xe,3.000,Sân bóng 367,1,
18/05/2013,Ăn trưa,50.000,Cơm Tấm Ngon,1,
18/05/2013,Đổ xăng,50.000,Lê Văn Sỹ,1,
18/05/2013,Gửi xe,4.000,Thương xá Tax,1,
18/05/2013,Rút tài khoản,-1.000.000,Tân Quý,0,
18/05/2013,Ăn tối,40.000,Hủ tiếu khô Lê Thị Riêng,1,
18/05/2013,Linh tinh,200.000,SM,1,
18/05/2013,Đổ xăng,50.000,Trương Công Định,1,
18/05/2013,Linh tinh,9.000,Bò Húc,1,
19/05/2013,Ăn sáng,20.000,Bún bò Lê Đình Thám,1,
19/05/2013,Ăn trưa,20.000,Cơm chay,1,
19/05/2013,Ăn tối,18.000,Cơm tấm Trương Vĩnh Ký,1,
20/05/2013,Linh tinh,10.000,Cà phê,1,
20/05/2013,Ăn sáng,20.000,Bánh cuốn,1,
20/05/2013,Ăn trưa,80.000,Siêu thị,1,
20/05/2013,Linh tinh,16.000,Revive,1,
20/05/2013,Gửi xe,3.000,Sân bóng Huỳnh Tấn 4,1,
20/05/2013,Ăn tối,18.000,Bánh mì,1,
21/05/2013,Ăn sáng,26.000,Mì quảng Tân Sơn Nhì,1,
21/05/2013,Ăn trưa,34.000,Bún đậu mắm tôm,1,
21/05/2013,Linh tinh,16.000,Revive,1,
21/05/2013,Gửi xe,3.000,Sân bóng K334,1,
21/05/2013,Ăn tối,19.000,Hủ tiếu,1,
22/05/2013,Đổ xăng,50.000,Trương Công Định,1,
22/05/2013,Ăn sáng,20.000,Bánh cuốn,1,
22/05/2013,Ăn trưa,30.000,Cơm tấm,1,
23/05/2013,Ăn sáng,10.000,Xôi,1,
23/05/2013,Ăn trưa,50.000,Bò bít tết,1,
23/05/2013,Linh tinh,11.000,Bột chiên,1,
24/05/2013,Ăn sáng,9.000,Bánh mì,1,
24/05/2013,Rút tài khoản,-9.000.000,Cộng Hòa,0,
24/05/2013,Cho mượn,2.000.000,Nhân,0,
24/05/2013,Ăn trưa,35.000,Cơm Bún Ngon,1,
24/05/2013,Cho mượn,5.000.000,Anh Lộc,0,
25/05/2013,Ăn sáng,18.000,Bánh canh cá lóc,1,
25/05/2013,Gửi xe,3.000,Sân bóng 367,1,
25/05/2013,Linh tinh,12.000,Cà phê,1,
25/05/2013,Ăn tối,25.000,Bún bò Sông Hương,1,
26/05/2013,Linh tinh,5.000,Sửa xe,1,
26/05/2013,Đổ xăng,50.000,Tân Kỳ Tân Quý,1,
27/05/2013,Linh tinh,12.000,Cà phê,1,
27/05/2013,Ăn sáng,10.000,Xôi,1,
27/05/2013,Ăn trưa,40.000,Bún đậu mắm tôm,1,
27/05/2013,Linh tinh,10.000,Kem,1,
27/05/2013,Linh tinh,16.000,Revive,1,
27/05/2013,Gửi xe,3.000,Sân bóng Huỳnh Tấn 4,1,
27/05/2013,Ăn tối,18.000,Bánh mì,1,
28/05/2013,Ăn sáng,20.000,Bánh cuốn,1,
28/05/2013,Ăn trưa,30.000,Bún chả,1,
28/05/2013,Linh tinh,12.000,Bánh mì,1,
28/05/2013,Đổ xăng,50.000,Tân Kỳ Tân Quý,1,
29/05/2013,Linh tinh,12.000,Cà phê,1,
29/05/2013,Ăn sáng,15.000,Hủ tiếu,1,
29/05/2013,Ăn trưa,50.000,Cơm Tấm Ngon,1,
29/05/2013,Linh tinh,12.000,Bánh mì,1,
29/05/2013,Rút tài khoản,-5.000.000,Cộng Hòa,0,
29/05/2013,Cho mượn,5.000.000,Lai,0,
30/05/2013,Ăn sáng,20.000,Bánh cuốn,1,
30/05/2013,Linh tinh,5.000,Đậu nành,1,
30/05/2013,Ăn trưa,30.000,Hủ tiếu Lê Bình,1,
30/05/2013,Cho mượn,500.000,Nghĩa,0,
31/05/2013,Ăn sáng,26.000,Mì quảng Tân Sơn Nhì,1,
31/05/2013,Ăn trưa,30.000,Bún chả,1,
31/05/2013,Ăn tối,18.000,Cơm tấm,1,
01/06/2013,Ăn sáng,18.000,Bánh canh cá lóc,1,
01/06/2013,Linh tinh,18.000,Revive,1,
01/06/2013,Gửi xe,3.000,Sân bóng 367,1,
01/06/2013,Linh tinh,12.000,Cà phê,1,
01/06/2013,Ăn tối,30.000,Hủ tiếu khô Lê Tú,1,
01/06/2013,Linh tinh,145.000,Cà phê Guitar Gỗ với Mỹ,1,
02/06/2013,Ăn sáng,25.000,Phở Ba Vân,1,
02/06/2013,Linh tinh,12.000,Cà phê,1,
02/06/2013,Linh tinh,300.000,Trám răng,1,
02/06/2013,Linh tinh,200.000,Làm răng,1,1
02/06/2013,Đổ xăng,50.000,Nguyễn Duy Trinh,1,
02/06/2013,Linh tinh,11.000,Bột chiên,1,
02/06/2013,Thu tiền mượn,-500.000,Nghĩa,0,
03/06/2013,Ăn sáng,20.000,Bánh cuốn,1,
03/06/2013,Ăn trưa,35.000,Cơm Bún Ngon,1,
03/06/2013,Rút tài khoản,-240.000,Internet Banking,0,
03/06/2013,Linh tinh,140.000,Đặt vé xem phim,1,
03/06/2013,Ăn tối,17.000,Cơm tấm Trương Vĩnh Ký,1,
04/06/2013,Ăn sáng,25.000,Nui,1,
04/06/2013,Đổ xăng,50.000,Bạch Đằng,1,
04/06/2013,Linh tinh,12.000,Cà phê,1,
04/06/2013,Ăn trưa,20.000,Bún riêu,1,
04/06/2013,Linh tinh,50.000,Bánh bò dừa,1,
05/06/2013,Ăn sáng,15.000,Bánh cuốn,1,
05/06/2013,Thất thoát,105.000,,1,
05/06/2013,Ăn trưa,90.000,Soho,1,
05/06/2013,Ăn tối,17.000,Cơm tấm Trương Vĩnh Ký,1,
05/06/2013,Rút tài khoản,-5.000.000,Tân Quý,0,
05/06/2013,Linh tinh,5.000.000,Làm răng,1,1
06/06/2013,Ăn sáng,32.000,Bò bít tết,1,
06/06/2013,Linh tinh,12.000,Cà phê,1,
06/06/2013,Ăn trưa,50.000,Cơm Tấm Ngon,1,
06/06/2013,Linh tinh,100.000,Pizza,1,
06/06/2013,Linh tinh,24.000,Bánh mì,1,
06/06/2013,Linh tinh,250.000,SM,1,
07/06/2013,Cho mượn,31.000,Anh Vĩnh,0,
07/06/2013,Rút tài khoản,-1.000.000,Tân Quý,0,
07/06/2013,Linh tinh,12.000,Cà phê,1,
07/06/2013,Ăn sáng,15.000,Bánh cuốn,1,
07/06/2013,Ăn trưa,32.000,Cơm gà xối mỡ,1,
07/06/2013,Linh tinh,12.000,Bánh mì cho Phi,1,
07/06/2013,Linh tinh,10.000,Pizza,1,
07/06/2013,Ăn tối,23.000,Bún bò,1,
07/06/2013,Linh tinh,190.000,Đồ bơi,1,
07/06/2013,Đổ xăng,50.000,Lũy Bán Bích,1,
09/06/2013,Linh tinh,165.000,Mua quà ở Long Thành,1,
09/06/2013,Ăn tối,25.000,Bún mắm,1,
09/06/2013,Linh tinh,20.000,Thuốc cảm,1,
09/06/2013,Thu tiền mượn,-2.000.000,Nhân,0,
10/06/2013,Ăn trưa,70.000,Mì Hàn Quốc,1,
10/06/2013,Ăn tối,23.000,Hủ tiếu,1,
10/06/2013,Linh tinh,200.000,Làm răng,1,1
10/06/2013,Đổ xăng,50.000,Đầu đường Tân Quý,1,
10/06/2013,Nhậu,100.000,Với Hải,1,
11/06/2013,Linh tinh,12.000,Cà phê,1,
11/06/2013,Ăn sáng,20.000,Bánh cuốn,1,
11/06/2013,Ăn trưa,35.000,Bún nem,1,
11/06/2013,Linh tinh,12.000,Bánh mì,1,
12/06/2013,Ăn sáng,10.000,Xôi mặn,1,
12/06/2013,Ăn trưa,60.000,Gà rán,1,
12/06/2013,Phòng,580.000,,1,
13/06/2013,Ăn sáng,24.000,Phở Ba Vân,1,
13/06/2013,Ăn trưa,40.000,Cơm tấm 3 Ghiền,1,
13/06/2013,Rút tài khoản,-288.000,Thanh toán gia hạn hosting,0,
13/06/2013,Linh tinh,288.000,Thanh toán gia hạn hosting,1,
14/06/2013,Ăn sáng,23.000,Bánh canh chả cá,1,
15/06/2013,Linh tinh,18.000,Revive,1,
15/06/2013,Gửi xe,3.000,Sân bóng K334,1,
15/06/2013,Đổ xăng,50.000,Trương Công Định,1,
15/06/2013,Ăn tối,23.000,Hủ tiếu khô Lê Tú,1,
15/06/2013,Linh tinh,200.000,SM,1,
15/06/2013,Đổ xăng,50.000,Lê Đại Hành,1,
16/06/2013,Ăn trưa,18.000,Cơm chay Việt Đan,1,
16/06/2013,Ăn tối,23.000,Cơm tấm Trương Vĩnh Ký,1,
16/06/2013,Thu tiền mượn,-5.000.000,Lai,0,
17/06/2013,Linh tinh,27.000,Thuốc cảm,1,
17/06/2013,Ăn sáng,20.000,Bánh cuốn,1,
17/06/2013,Ăn trưa,40.000,Bún chả,1,
17/06/2013,Rút tài khoản,-315.000,,0,
17/06/2013,Linh tinh,150.000,"Đặt vé xem phim After Earth (bao Huệ, Long)",1,
18/06/2013,Ăn sáng,25.000,Mì quảng Tân Sơn Nhì,1,
18/06/2013,Ăn trưa,34.000,Bún bò O Vui,1,
18/06/2013,Linh tinh,16.000,Revive,1,
18/06/2013,Gửi xe,3.000,Sân bóng Huỳnh Tấn 4,1,
18/06/2013,Ăn tối,18.000,Bánh mì,1,
19/06/2013,Linh tinh,26.000,Thuốc cảm,1,
19/06/2013,Ăn sáng,30.000,Phở Nguyễn Minh Hoàng,1,
19/06/2013,Ăn trưa,50.000,Cơm tấm Ngon,1,
19/06/2013,Linh tinh,50.000,Góp tiền ủng hộ anh TK,1,
19/06/2013,Linh tinh,22.000,Kem đánh răng,1,
20/06/2013,Đổ xăng,50.000,Tân Kỳ Tân Quý 2,1,
20/06/2013,Ăn sáng,33.000,Bò bít tết,1,
20/06/2013,Ăn trưa,20.000,Cơm hộp,1,
21/06/2013,Ăn sáng,20.000,Bánh cuốn,1,
21/06/2013,Ăn trưa,24.000,Bánh mì,1,
21/06/2013,Linh tinh,500.000,Đám cưới anh Nhân GE Gameloft,1,1
21/06/2013,Gửi xe,5.000,Nhà hàng tiệc cưới Bạch Kim,1,
21/06/2013,Linh tinh,120.000,SM,1,
22/06/2013,Ăn sáng,18.000,Bánh canh cá lóc,1,
22/06/2013,Linh tinh,18.000,Revive,1,
22/06/2013,Gửi xe,3.000,Sân bóng K334,1,
22/06/2013,Đổ xăng,50.000,Bàu Cát,1,
22/06/2013,Linh tinh,20.000,Vịt quay,1,
22/06/2013,Linh tinh,201.500,Siêu thị,1,
22/06/2013,Gửi xe,3.000,Siêu thị,1,
22/06/2013,Ăn tối,30.000,Hủ tiếu khô Lê Tú,1,
23/06/2013,Linh tinh,15.000,Rửa xe,1,
23/06/2013,Ăn trưa,18.000,Cơm Gò Dầu,1,
23/06/2013,Hớt tóc,340.000,,1,
23/06/2013,Ăn tối,23.000,Hủ tiếu Gò Dầu,1,
23/06/2013,Linh tinh,500.000,Đám cưới anh Tài Data Manager Gameloft,1,1
24/06/2013,Linh tinh,5.000,Vô bến xe lấy máy hình của Lễ,1,
24/06/2013,Ăn sáng,7.000,Bánh mì,1,
24/06/2013,Linh tinh,10.000,Pepsi,1,
24/06/2013,Ăn trưa,35.000,Cơm Bún Ngon,1,
24/06/2013,Rút tài khoản,-225.000,,0,
24/06/2013,Linh tinh,100.000,Đặt vé xem phim Man of Steel (HCS còn nợ 40k),1,
24/06/2013,Linh tinh,50.000,Ủng hộ anh Lộc,1,
25/06/2013,Cho mượn,300.000,Nghĩa,0,
25/06/2013,Đổ xăng,50.000,Tân Kỳ Tân Quý 2,1,
25/06/2013,Ăn sáng,20.000,Bánh cuốn,1,
25/06/2013,Linh tinh,500,Bỏ heo,1,
25/06/2013,Linh tinh,50.000,Vịt quay,1,
26/06/2013,Ăn trưa,23.000,Bún bò (thiếu 3k),1,
27/06/2013,Ăn sáng,12.000,Bánh mì,1,
27/06/2013,Linh tinh,55.000,Thay dây ga xe máy,1,
28/06/2013,Ăn trưa,50.000,Cơm Tấm Ngon (An trả bù tiền coi phim),1,
28/06/2013,Ăn tối,26.000,Nui Tân Sơn Nhì,1,
29/06/2013,Linh tinh,18.000,Revive,1,
29/06/2013,Linh tinh,12.000,Cà phê,1,
29/06/2013,Đổ xăng,50.000,Cộng Hòa,1,
29/06/2013,Ăn tối,23.000,Cơm tấm Trương Vĩnh Ký,1,
29/06/2013,Nhậu,72.000,Với Lai,1,
30/06/2013,Ăn tối,100.000,"Sườn nướng Hàn Quốc với Thanh, a.Đường, Hùng Củ Sâm và vợ",1,
30/06/2013,Linh tinh,38.000,Bánh mì,1,
30/06/2013,Linh tinh,24.000,Hồ lô nướng,1,
01/07/2013,Cho mượn,500.000,Nhân,0,
01/07/2013,Ăn sáng,26.000,Mì quảng Tân Sơn Nhì,1,
01/07/2013,Ăn trưa,70.000,Bít tết Only (An trả bù tiền coi phim),1,
01/07/2013,Linh tinh,16.000,Revive,1,
01/07/2013,Gửi xe,3.000,Sân bóng Huỳnh Tấn 4,1,
01/07/2013,Ăn tối,18.000,Bánh mì,1,
01/07/2013,Cho mượn,300.000,Nhân,0,
02/07/2013,Ăn sáng,30.000,Phở Nguyễn Minh Hoàng,1,
02/07/2013,Ăn trưa,35.000,Cơm Bún Ngon (Phi trả bù tiền xem phim),1,
03/07/2013,Đổ xăng,50.000,Tân Kỳ Tân Quý 2,1,
03/07/2013,Ăn trưa,27.000,Bún bò O Vui,1,
04/07/2013,Ăn trưa,30.000,Bún cá rô đồng (An trả bù tiền xem phim),1,
04/07/2013,Ăn tối,23.000,Cơm tấm Trương Vĩnh Ký,1,
04/07/2013,Linh tinh,57.000,Sữa,1,
04/07/2013,Linh tinh,111.000,"Xà phòng, nước xả vải, nước tẩy bồn cầu",1,
05/07/2013,Ăn sáng,20.000,Bánh cuốn,1,
05/07/2013,Ăn trưa,70.000,Lẫu xiên que tự chọn,1,
05/07/2013,Ăn tối,30.000,Hủ tiếu khô Lê Tú,1,
05/07/2013,Thu tiền mượn,-800.000,Nhân,0,
06/07/2013,Linh tinh,18.000,Revive,1,
06/07/2013,Gửi xe,3.000,Sân bóng K334,1,
06/07/2013,Cho mượn,500.000,Anh Tuấn A33,0,
06/07/2013,Linh tinh,120.000,SM,1,
06/07/2013,Đổ xăng,50.000,Tân Kỳ Tân Quý 2,1,
06/07/2013,Ăn tối,20.000,Bánh canh Gò Dầu,1,
06/07/2013,Linh tinh,24.000,Sinh tố,1,
07/07/2013,Ăn sáng,18.000,Bánh mì,1,
07/07/2013,Linh tinh,80.000,Cà phê với Nhựt,1,
07/07/2013,Ăn tối,50.000,Bánh canh ghẹ Xuân Diệu,1,
08/07/2013,Thu tiền mượn,-300.000,Nghĩa,0,
08/07/2013,Ăn sáng,18.000,Bánh cuốn K300,1,
08/07/2013,Thu tiền mượn,-5.000.000,Anh Lộc,0,
08/07/2013,Ăn trưa,50.000,Cơm gà Hồng Phát,1,
08/07/2013,Rút tài khoản,-220.000,,0,
08/07/2013,Linh tinh,45.000,Đặt vé xem phim Despicable Me,1,
08/07/2013,Linh tinh,5.000,Ăn xế với anh Sỹ,1,
08/07/2013,Linh tinh,16.000,Revive,1,
08/07/2013,Gửi xe,4.000,Sân bóng A2,1,
08/07/2013,Linh tinh,10.000,Đá bóng,1,
08/07/2013,Ăn tối,18.000,Bánh mì,1,
09/07/2013,Ăn sáng,26.000,Mì quảng Tân Sơn Nhì,1,
09/07/2013,Ăn trưa,30.000,Bún cá rô đồng Hoàng Hoa Thám,1,
09/07/2013,Rút tài khoản,-220.000,,0,
09/07/2013,Linh tinh,75.000,Đặt vé xem phim Now You See Me,1,
09/07/2013,Linh tinh,16.000,Revive,1,
09/07/2013,Gửi xe,3.000,Sân bóng K334,1,
09/07/2013,Đổ xăng,50.000,Tân Kỳ Tân Quý 2,1,
09/07/2013,Ăn tối,23.000,Cơm tấm Trương Vĩnh Ký,1,
10/07/2013,Linh tinh,12.000,Cà phê,1,
10/07/2013,Ăn sáng,10.000,Xôi,1,
10/07/2013,Ăn trưa,15.000,Bánh mì,1,
10/07/2013,Ăn tối,26.000,Mì quảng Tân Sơn Nhì,1,
11/07/2013,Ăn sáng,20.000,Bánh cuốn Trương Vĩnh Ký,1,
11/07/2013,Ăn trưa,15.000,Bánh mì,1,
11/07/2013,Nhậu,90.000,,1,
11/07/2013,Linh tinh,125.000,SM,1,
11/07/2013,Linh tinh,11.000,Bột chiên,1,
12/07/2013,Ăn sáng,25.000,Phở,1,
12/07/2013,Ăn trưa,50.000,Cơm tấm Ngon,1,
12/07/2013,Ăn tối,23.000,Hủ tiếu khô Lê Tú,1,
12/07/2013,Linh tinh,15.000,Hủ tiếu gõ,1,
13/07/2013,Linh tinh,10.000,Bò húc,1,
13/07/2013,Linh tinh,18.000,Revive,1,
13/07/2013,Đổ xăng,50.000,Tân Kỳ Tân Quý,1,
13/07/2013,Gửi xe,3.000,Sân bóng K334,1,
13/07/2013,Ăn trưa,15.000,Bánh mì,1,
13/07/2013,Phòng,480.000,,1,
13/07/2013,Rút tài khoản,-15.000.000,Tân Quý (mua laptop cho Phú con Dì Dư),0,
13/07/2013,Cho mượn,3.170.000,Lễ,0,
13/07/2013,Cho mượn,14.790.000,Má,0,
13/07/2013,Linh tinh,1.000,Đá lạnh,1,
13/07/2013,Linh tinh,3.000,Bù tiền bánh bao,1,
14/07/2013,Ăn tối,28.000,Hủ tiếu Tân Sơn Nhì,1,
15/07/2013,Ăn sáng,25.000,Phở Ba Vân,1,
15/07/2013,Cho mượn,105.000,Lễ,0,
15/07/2013,Ăn trưa,20.000,Hủ tiếu  gà,1,
15/07/2013,Rút tài khoản,-445.000,,0,
15/07/2013,Linh tinh,180.000,"Đặt vé xem phim The Lone Ranger (An, Thanh)",1,
15/07/2013,Linh tinh,165.000,"Đặt vé xem phim Tình Người Duyên Ma (An, Thanh)",1,
15/07/2013,Linh tinh,16.000,Chanh muối,1,
15/07/2013,Linh tinh,48.000,Bò húc,1,
15/07/2013,Gửi xe,6.000,Sân bóng Huỳnh Tấn 4,1,
15/07/2013,Ăn tối,18.000,Bánh mì,1,
16/07/2013,Ăn sáng,33.000,Bò bít tết,1,
16/07/2013,Đổ xăng,50.000,Trương Công Định,1,
16/07/2013,Linh tinh,44.000,Bột chiên,1,
16/07/2013,Linh tinh,16.000,Revive,1,
16/07/2013,Gửi xe,3.000,Sân bóng Hiệp Phát,1,
16/07/2013,Ăn tối,20.000,Phở,1,
17/07/2013,Ăn sáng,10.000,Xôi,1,
17/07/2013,Ăn trưa,15.000,Bột chiên,1,
17/07/2013,Nhậu,100.000,Sinh nhật anh Vũ với team HRP,1,
18/07/2013,Ăn sáng,20.000,Bánh cuốn,1,
18/07/2013,Ăn trưa,60.000,Bánh hỏi cháo lòng,1,
18/07/2013,Gửi xe,3.000,Sân bóng Hiệp Phát,1,
18/07/2013,Thu tiền mượn,-500.000,Anh Tuấn A33,0,
18/07/2013,Ăn tối,15.000,Hủ tiếu gõ,1,
18/07/2013,Linh tinh,10.000,Trà xanh 0 độ,1,
19/07/2013,Ăn trưa,25.000,Cơm,1,
19/07/2013,Linh tinh,10.000,Trà xanh 0 độ,1,
19/07/2013,Linh tinh,500.000,Làm răng,1,1
19/07/2013,Ăn tối,22.000,Cơm tấm Trương Vĩnh Ký,1,
20/07/2013,Ăn sáng,18.000,Bánh canh cá lóc,1,
20/07/2013,Cho mượn,800.000,Chị Hai,0,
20/07/2013,Linh tinh,66.000,Bù tiền vé tàu cho Hai,1,
20/07/2013,Gửi xe,3.000,Ga Sài Gòn,1,
20/07/2013,Đổ xăng,50.000,CMT8,1,
20/07/2013,Ăn trưa,26.000,Bún mọc K300,1,
20/07/2013,Rút tài khoản,-6.000.000,Siêu thị Maximark,0,
20/07/2013,Gửi xe,3.000,Siêu thị Maximark,1,
20/07/2013,Cho mượn,6.200.000,Chị Hai,0,
20/07/2013,Gửi xe,3.000,Ga Sài Gòn,1,
20/07/2013,Ăn tối,30.000,Hủ tiếu khô Lê Tú,1,
20/07/2013,Linh tinh,10.000,Bò húc,1,
21/07/2013,Thay nhớt,80.000,"+ Tăng xên, bơm xe",1,
21/07/2013,Linh tinh,20.000,Mít,1,
21/07/2013,Ăn trưa,25.000,Mì quảng,1,
21/07/2013,Linh tinh,20.000,Cà phê,1,
21/07/2013,Đổ xăng,50.000,Nguyễn Văn Trỗi,1,
21/07/2013,Ăn tối,23.000,Cơm tấm Trương Vĩnh Ký,1,
22/07/2013,Ăn sáng,32.000,Bò bít tết,1,
22/07/2013,Rút tài khoản,-225.000,,0,
22/07/2013,Linh tinh,164.000,"Đặt vé xem phim Pacific Rim (An còn 30k, Thanh, a.Hùng)",1,
22/07/2013,Ăn trưa,51.000,Gà rán,1,
22/07/2013,Linh tinh,54.000,Gỏi cuốn,1,
22/07/2013,Rút tài khoản,-220.000,,0,
22/07/2013,Linh tinh,87.000,Đặt vé xim phim R.I.P.D (a.Hùng),1,
22/07/2013,Linh tinh,16.000,Revive,1,
22/07/2013,Gửi xe,4.000,Sân bóng A2,1,
22/07/2013,Đá banh,10.000,Sân bóng A2,1,
22/07/2013,Ăn tối,30.000,Phở,1,
23/07/2013,Ăn sáng,18.000,Bún chả cá,1,
23/07/2013,Ăn trưa,40.000,Cơm tấm Tú Mập (An trả trừ tiền phim),1,
23/07/2013,Linh tinh,23.000,Bột chiên,1,
23/07/2013,Gửi xe,4.000,Sân bóng Huỳnh Tấn 4,1,
23/07/2013,Ăn tối,20.000,Phở,1,
23/07/2013,Linh tinh,10.000,Trà xanh 0 độ,1,
24/07/2013,Ăn sáng,20.000,Bánh cuốn,1,
24/07/2013,Linh tinh,88.000,Mua nước ở rạp Galaxy,1,
24/07/2013,Ăn trưa,30.000,Bò bít tết (An trả trừ tiền phim),1,
24/07/2013,Ăn tối,25.000,Bún bò Sông Hương,1,
24/07/2013,Rút tài khoản,-3.000.000,Tân Quý,0,
24/07/2013,Linh tinh,1.060.000,Làm răng,1,1
24/07/2013,Đổ xăng,50.000,Tân Kỳ Tân Quý 2,1,
25/07/2013,Ăn sáng,18.000,Bánh canh cá lóc,1,
25/07/2013,Ăn trưa,0,Hủ tiếu khô Lê Tú,1,
25/07/2013,Thu,-2.000,Mua cơm cho Phi dư,1,
25/07/2013,Ăn tối,22.000,Cơm tấm Trương Vĩnh Ký,1,
25/07/2013,Đổ xăng,50.000,Bình Long,1,
26/07/2013,Ăn sáng,18.000,Bún chả cá,1,
26/07/2013,Ăn trưa,34.000,Cơm Bún Ngon,1,
26/07/2013,Ăn tối,20.000,Cơm tấm,1,
26/07/2013,Linh tinh,790.000,"Quần jean, áo sơ mi (Blue Exchange)",1,
26/07/2013,Linh tinh,20.000,Lên lai quần jean,1,
27/07/2013,Rút tài khoản,-1.000.000,Tân Quý,0,
27/07/2013,Linh tinh,500.000,Đám cưới Nhung 061,1,
27/07/2013,Linh tinh,6.000,Xe buýt,1,
27/07/2013,Gửi xe,3.000,Etown,1,
27/07/2013,Ăn tối,26.000,Mì quảng Tân Sơn Nhì,1,
27/07/2013,Linh tinh,10.000,Trà xanh 0 độ,1,
28/07/2013,Ăn sáng,18.000,Bánh canh cá lóc,1,
28/07/2013,Ăn trưa,39.000,Cơm,1,
28/07/2013,Linh tinh,9.000,Nước,1,
28/07/2013,Đổ xăng,50.000,Trương Công Định,1,
28/07/2013,Ăn tối,35.000,Bún mắm,1,
29/07/2013,Ăn sáng,25.000,Phở Nguyễn Thái Bình,1,
29/07/2013,Ăn trưa,25.000,Cơm,1,
29/07/2013,Linh tinh,16.000,Revive,1,
29/07/2013,Gửi xe,4.000,Sân bóng A2,1,
29/07/2013,Đá banh,10.000,Sân bóng A2,1,
29/07/2013,Ăn tối,25.000,Hủ tiếu Nam Vang,1,
30/07/2013,Ăn sáng,17.000,Bánh cuốn,1,
30/07/2013,Ăn trưa,25.000,Cơm,1,
30/07/2013,Gửi xe,4.000,Sân bóng Huỳnh Tấn 4,1,
30/07/2013,Đổ xăng,50.000,Cộng Hòa,1,
30/07/2013,Ăn tối,25.000,Hủ tiếu Nguyễn Thị Định,1,
31/07/2013,Ăn sáng,16.000,Hamburger,1,
31/07/2013,Ăn trưa,51.000,Cơm Tấm Ngon,1,
31/07/2013,Ăn tối,25.000,Cơm tấm Nguyễn Duy Trinh,1,
01/08/2013,Ăn trưa,45.000,Bún cá rô đồng Hoàng Hoa Thám,1,
01/08/2013,Đổ xăng,50.000,Điện Biên Phủ,1,
01/08/2013,Ăn tối,30.000,Cơm tấm,1,
01/08/2013,Linh tinh,17.500,Mì gói,1,
02/08/2013,Ăn sáng,25.000,Nui,1,
02/08/2013,Ăn trưa,40.000,Cơm Tấm Ngon,1,
02/08/2013,Linh tinh,530.000,Thẻ nhớ Trenscend 32GB,1,
03/08/2013,Ăn sáng,100.000,Phở,1,
03/08/2013,Gửi xe,3.000,Siêu thị Co-op Mark đường 3/2,1,
03/08/2013,Rút tài khoản,-4.000.000,Siêu thị Co-op Mark đường 3/2,0,
03/08/2013,Đổ xăng,50.000,Nguyễn Thị Định,1,
04/08/2013,Ăn sáng,18.000,Bánh canh cá lóc,1,
04/08/2013,Gửi xe,5.000,Aqua Palace đường Nơ Trang Long,1,
04/08/2013,Linh tinh,150.000,Thuê đèn flash,1,
04/08/2013,Linh tinh,18.000,Nước + bánh mì ngọt,1,
04/08/2013,Ăn tối,35.000,Phở,1,
05/08/2013,Ăn sáng,21.000,Bánh cuốn,1,
05/08/2013,Linh tinh,500,Bỏ heo,1,
05/08/2013,Ăn trưa,20.000,Cơm chay,1,
05/08/2013,Đổ xăng,50.000,Ngã tư 7 Hiền,1,
05/08/2013,Linh tinh,12.000,Bánh mì,1,
05/08/2013,Gửi xe,4.000,Sân bóng Huỳnh Tấn 4,1,
05/08/2013,Linh tinh,12.000,Revive,1,
05/08/2013,Ăn tối,25.000,Phở,1,
06/08/2013,Ăn sáng,33.000,Bò bít tết,1,
06/08/2013,Linh tinh,162.000,"Đi chơi Suối Tiên (Banh lắc, nhà hơi, tàu lượn)",1,
07/08/2013,Ăn sáng,25.000,Nui,1,
07/08/2013,Ăn trưa,35.000,Cơm Bún Ngon,1,
07/08/2013,Rút tài khoản,-350.000,Đặt vé phim Turbo dùm chị Hai,0,
07/08/2013,Cho mượn,350.000,Chị Hai,0,
07/08/2013,Linh tinh,16.000,Revive,1,
07/08/2013,Đá banh,30.000,Sân bóng 917C,1,
07/08/2013,Gửi xe,4.000,Sân bóng 917A,1,
07/08/2013,Ăn tối,46.000,Bún chả cá với anh Vũ,1,
08/08/2013,Ăn sáng,20.000,Bánh cuốn,1,
08/08/2013,Ăn trưa,80.000,Bò bít tết,1,
08/08/2013,Đổ xăng,50.000,Bình Long,1,
08/08/2013,Ăn tối,23.000,Bánh canh Gò Dầu,1,
08/08/2013,Linh tinh,15.000,Cà phê,1,
08/08/2013,Linh tinh,100.000,SM,1,
09/08/2013,Ăn sáng,26.000,Mì quảng Tân Sơn Nhì,1,
09/08/2013,Linh tinh,5.000,Ra bến xe lấy đồ,1,
09/08/2013,Ăn trưa,2.000,Thanh bao,1,
09/08/2013,Ăn tối,23.000,Cơm tấm Trương Vĩnh Ký,1,
10/08/2013,Ăn trưa,49.000,Mì Hàn Quốc,1,
10/08/2013,Đổ xăng,50.000,Tân Kỳ Tân Quý,1,
10/08/2013,Thu,-350.000,Chị của Đào cho tiền chụp hình đám cưới,1,
10/08/2013,Gửi xe,3.000,Sân bóng SCSC,1,
10/08/2013,Ăn tối,26.000,Mì quảng Tân Sơn Nhì,1,
10/08/2013,Linh tinh,84.500,Nước xả vải Downy,1,
10/08/2013,Linh tinh,34.500,Bột giặt OMO,1,
10/08/2013,Linh tinh,129.000,Dầu gội Clear,1,
10/08/2013,Linh tinh,180.000,"Xịn khử mùi Axe, xà bong tắm Romano, nước chanh muối, mì gói, bàn chải đánh răng",1,
11/08/2013,Ăn sáng,18.000,Bánh canh cá lóc,1,
11/08/2013,Linh tinh,27.000,Revive,1,
11/08/2013,Ăn tối,23.000,Cơm tấm Trương Vĩnh Ký,1,
12/08/2013,Đổ xăng,50.000,Trương Công Định,1,
12/08/2013,Ăn sáng,20.000,Bánh cuốn,1,
12/08/2013,Ăn trưa,27.000,Bún bò,1,
12/08/2013,Gửi xe,4.000,Sân bóng Huỳnh Tấn 4,1,
12/08/2013,Ăn tối,15.000,Phở,1,
12/08/2013,Linh tinh,11.000,Bột chiên,1,
12/08/2013,Phòng,600.000,,1,
13/08/2013,Ăn sáng,15.000,Bánh cuốn,1,
13/08/2013,Ăn trưa,130.000,Pizza Refresh,1,
13/08/2013,Ăn tối,26.000,Mì quảng Tân Sơn Nhì,1,
14/08/2013,Ăn trưa,25.000,Cơm gần công ty,1,
14/08/2013,Linh tinh,2.000,Fax báo giá cho Lễ,1,
14/08/2013,Gửi xe,3.000,Bưu điện trên đường Hoàng Văn Thụ,1,
14/08/2013,Linh tinh,18.000,Gỏi cuốn,1,
14/08/2013,Gửi xe,3.000,Sân bóng Viettel,1,
14/08/2013,Đá banh,40.000,Sân bóng Viettel,1,
14/08/2013,Ăn tối,15.000,Phở,1,
15/08/2013,Ăn sáng,15.000,Bánh mì,1,
15/08/2013,Ăn trưa,50.000,Bún Ngon,1,
15/08/2013,Ăn tối,22.000,Cơm tấm Trương Vĩnh Ký,1,
15/08/2013,Đổ xăng,50.000,Tân Kỳ Tân Quý 2,1,
16/08/2013,Ăn sáng,30.000,Phở,1,
16/08/2013,Ăn trưa,50.000,Cơm Tấm Ngon,1,
16/08/2013,Ăn tối,26.000,Mì quảng Tân Sơn Nhì,1,
16/08/2013,Linh tinh,120.000,Càng cúm,1,
16/08/2013,Linh tinh,45.000,Tôm nướng,1,
16/08/2013,Linh tinh,55.000,Trứng vịt lộn,1,
17/08/2013,Rút tài khoản,-550.000,Đặt vé xem phim cho Hai,0,
17/08/2013,Cho mượn,550.000,Chị Hai,0,
17/08/2013,Gửi xe,3.000,Sân bóng SCSC,1,
17/08/2013,Linh tinh,90.000,Ăn uống với Thanh,1,
17/08/2013,Linh tinh,30.000,"Uống nước với Thanh, An",1,
18/08/2013,Đổ xăng,50.000,Trương Công Định,1,
18/08/2013,Gửi xe,4.000,Công viên Hoàng Văn Thụ,1,
18/08/2013,Ăn trưa,100.000,Ăn món Hàn với Thanh,1,
18/08/2013,Rút tài khoản,-10.000.000,Tân Quý,0,
18/08/2013,Cho mượn,10.000.000,Chị Hai,0,
18/08/2013,Hớt tóc,35.000,,1,
18/08/2013,Ăn tối,25.000,Bún bò Sông Hương,1,
18/08/2013,Linh tinh,150.000,Xào phơi đồ,1,
19/08/2013,Ăn sáng,20.000,Bánh cuốn,1,
19/08/2013,Ăn trưa,25.000,Cơm TecaPro,1,
19/08/2013,Gửi xe,4.000,Sân bóng Huỳnh Tấn 4,1,
20/08/2013,Đổ xăng,50.000,"Bùi Thị Xuân, quận 3",1,
20/08/2013,Ăn sáng,7.000,Bánh mì,1,
20/08/2013,Linh tinh,9.000,Nước ngọt,1,
20/08/2013,Ăn trưa,21.000,Hủ tiếu gà,1,
20/08/2013,Ăn tối,26.000,Mì quảng Tân Sơn Nhì,1,
21/08/2013,Linh tinh,5.000,Vào bến xe gửi máy tính cho Phú,1,
21/08/2013,Ăn sáng,7.000,Bánh mì,1,
21/08/2013,Linh tinh,9.000,Nước ngọt,1,
21/08/2013,Ăn trưa,74.000,Carl Jr,1,
21/08/2013,Linh tinh,16.000,Revive,1,
21/08/2013,Gửi xe,4.000,Sân bóng 917C,1,
21/08/2013,Đá banh,20.000,Sân bóng 917C,1,
21/08/2013,Ăn tối,8.000,Bún bò Gò Dầu,1,
22/08/2013,Ăn sáng,25.000,Phở Nguyễn Thái Bình (xin đừng quay lại),1,
22/08/2013,Ăn trưa,25.000,Cơm TecaPro,1,
22/08/2013,Ăn tối,30.000,Hủ tiếu khô Lê Tú,1,
23/08/2013,Ăn sáng,7.000,Bánh mì,1,
23/08/2013,Linh tinh,9.000,Nước ngọt,1,
23/08/2013,Ăn trưa,30.000,Bún cá rô đồng,1,
23/08/2013,Đổ xăng,50.000,Cộng Hòa,1,
23/08/2013,Ăn tối,46.000,Chả cuốn & rau má,1,
24/08/2013,Gửi xe,4.000,Đối diện White Palace,1,
24/08/2013,Gửi xe,3.000,Sân bóng SCSC,1,
24/08/2013,Ăn trưa,87.000,Siêu thị Maximart,1,
24/08/2013,Gửi xe,3.000,Siêu thị Maximart,1,
24/08/2013,Ăn tối,23.000,Cơm tấm Trương Vĩnh Ký,1,
25/08/2013,Nhậu,150.000,"Với Lai, Linh",1,
25/08/2013,Rút tài khoản,-3.000.000,Tân Quý,0,
25/08/2013,Ăn tối,25.000,Phở,1,
26/08/2013,Ăn sáng,18.000,Bánh canh cá lóc,1,
26/08/2013,Ăn trưa,45.000,Cơm Tấm Ngon,1,
26/08/2013,Linh tinh,16.000,Revive,1,
26/08/2013,Gửi xe,4.000,Sân bóng Huỳnh Tấn 4,1,
26/08/2013,Ăn tối,6.000,Bún chả cá với anh Vũ,1,
27/08/2013,Ăn sáng,32.000,Bò bít tết,1,
27/08/2013,Đổ xăng,50.000,Trương Công Định,1,
27/08/2013,Ăn trưa,23.000,Hủ tiếu khô Lê Tú,1,
27/08/2013,Ăn tối,22.000,Cơm tấm Trương Vĩnh Ký,1,
27/08/2013,Linh tinh,120.000,SM,1,
28/08/2013,Ăn sáng,25.000,Mì quảng Tân Sơn Nhì,1,
28/08/2013,Gửi xe,5.000,eTown 2,1,
28/08/2013,Ăn tối,10.000,Hủ tiếu gõ Nguyễn Thái Bình,1,
28/08/2013,Đổ xăng,30.000,Ngã tư Bạch Đằng - Đinh Bộ Lĩnh,1,
28/08/2013,Ăn tối,82.000,Phở Xuân Trường Chinh,1,
29/08/2013,Ăn sáng,15.000,Bánh cuốn,1,
29/08/2013,Ăn trưa,35.000,Bún thịt nướng TecaPro,1,
29/08/2013,Ăn tối,25.000,Bún mắm,1,
30/08/2013,Đổ xăng,50.000,Bàu Cát,1,
30/08/2013,Ăn trưa,30.000,Hủ tiếu khô Lê Tú,1,
30/08/2013,Ăn tối,23.000,Cơm tấm Trương Vĩnh Ký,1,
30/08/2013,Linh tinh,20.000,Revive + Bò húc,1,
31/08/2013,Ăn trưa,25.000,Bún bò,1,
31/08/2013,Linh tinh,119.000,Đầu đọc thẻ nhớ,1,
31/08/2013,Linh tinh,30.000,Da cừu lau ống kinh,1,
31/08/2013,Thu,-7.000,Thu cho trả tiền gửi xe,1,
31/08/2013,Gửi xe,3.000,Chung cư Pasteur,1,
01/09/2013,Ăn trưa,15.000,Cháo dinh dưỡng,1,
01/09/2013,Linh tinh,16.000,Revive,1,
01/09/2013,Ăn tối,36.000,Bò bít tết,1,
01/09/2013,Đổ xăng,50.000,Nguyễn Thị Minh Khai,1,
01/09/2013,Linh tinh,10.000,Bò húc,1,
01/09/2013,Linh tinh,12.000,Nước suối,1,
02/09/2013,Linh tinh,200.000,"Cà phê với Lai, Loan, Linh, Lệ, Phong",1,
02/09/2013,Gửi xe,5.000,Cà phê Xưa Bình Quới,1,
02/09/2013,Nhậu,81.000,Với nhà Hai,1,
02/09/2013,Đổ xăng,50.000,Bàu Cát,1,
02/09/2013,Ăn tối,25.000,Phở,1,
03/09/2013,Ăn sáng,30.000,Bánh mì bò kho,1,
03/09/2013,Ăn trưa,35.000,Cơm Bún Ngon,1,
03/09/2013,Ăn tối,18.000,Hủ tiếu,1,
04/09/2013,Ăn sáng,15.000,Bánh cuốn,1,
04/09/2013,Ăn trưa,52.000,Cơm Tấm Ngon,1,
04/09/2013,Ăn tối,10.000,Bắp xào,1,
05/09/2013,Nhậu,150.000,Với team GE,1,
05/09/2013,Linh tinh,120.000,SM1,1,
05/09/2013,Linh tinh,120.000,SM2,1,
06/09/2013,Đổ xăng,50.000,Bàu Cát,1,
06/09/2013,Ăn sáng,9.000,Bánh mì,1,
06/09/2013,Ăn trưa,30.000,Hủ tiếu khô Lê Tú,1,
07/09/2013,Linh tinh,16.000,Revive,1,
07/09/2013,Gửi xe,3.000,Sân bóng K334,1,
07/09/2013,Ăn tối,40.000,Phở khô Gia Lai,1,
08/09/2013,Ăn sáng,18.000,Bánh canh cá lóc,1,
08/09/2013,Ăn trưa,18.000,Cơm,1,
08/09/2013,Gửi xe,6.000,Sân bóng D3,1,
08/09/2013,Ăn tối,23.000,Bún chả cá,1,
08/09/2013,Đổ xăng,50.000,Tân Kỳ Tân Quý,1,
08/09/2013,Linh tinh,20.000,Bò húc,1,
09/09/2013,Ăn sáng,9.000,Bánh mì,1,
09/09/2013,Thu,-545.000,Lượm,1,
09/09/2013,Rút tài khoản,-315.000,Chuyển khoản,0,
09/09/2013,Linh tinh,45.000,Đặt vé xem phim Riddik,1,
09/09/2013,Cho mượn,45.000,Anh Hùng,0,
09/09/2013,Cho mượn,45.000,Thanh,0,
09/09/2013,Cho mượn,45.000,Phi,0,
09/09/2013,Cho mượn,45.000,An,0,
09/09/2013,Cho mượn,45.000,Anh Đường,0,
09/09/2013,Cho mượn,45.000,Anh Tự Không,0,
09/09/2013,Thu tiền mượn,-45.000,Anh Tự Không,0,
09/09/2013,Thu tiền mượn,-45.000,Anh Đường,0,
09/09/2013,Ăn trưa,45.000,Cơm Tấm Ngon,1,
09/09/2013,Linh tinh,16.000,Revive,1,
09/09/2013,Gửi xe,4.000,Sân bóng Huỳnh Tấn 4,1,
09/09/2013,Linh tinh,150.000,Nem chua,1,
09/09/2013,Ăn tối,20.000,Phở Lê Đình Thám,1,
10/09/2013,Ăn sáng,10.000,Xôi,1,
10/09/2013,Thu tiền mượn,-45.000,Anh Hùng,0,
10/09/2013,Thu tiền mượn,-45.000,An,0,
10/09/2013,Thu tiền mượn,-45.000,Thanh,0,
10/09/2013,Linh tinh,25.000,Nước ngọt,1,
10/09/2013,Ăn trưa,5.000,Hủ tiếu gà K300,1,
10/09/2013,Ăn tối,13.000,Bánh bao,1,
10/09/2013,Gửi xe,4.000,Nhà văn hóa Phú Nhuận,1,
10/09/2013,Linh tinh,150.000,Vé xem biễu diễn guitar Lencouragement,1,
10/09/2013,Linh tinh,8.000,Nước suối,1,
10/09/2013,Ăn tối,35.000,Phở Xuân Trường Chinh,1,
11/09/2013,Ăn sáng,20.000,Bánh cuốn,1,
11/09/2013,Ăn trưa,40.000,Phở khô Gia Lai,1,
11/09/2013,Đá banh,25.000,Sân bóng 917A,1,
11/09/2013,Linh tinh,5.000,Nước mía,1,
11/09/2013,Gửi xe,5.000,Sân bóng 917A,1,
11/09/2013,Ăn tối,50.000,Mì quảng Tân Sơn Nhì,1,
12/09/2013,Linh tinh,48.000,Bò húc,1,
12/09/2013,Đổ xăng,50.000,Bàu Cát,1,
12/09/2013,Ăn sáng,25.000,Bún bò,1,
12/09/2013,Linh tinh,20.000,Gỏi cuốn,1,
12/09/2013,Ăn trưa,64.000,Siêu thị Maximart,1,
12/09/2013,Thu tiền mượn,-45.000,Phi,0,
12/09/2013,Rút tài khoản,-2.000.000,Tecapro,0,
12/09/2013,Nhậu,1.561.000,Team HOC & producer,1,
13/09/2013,Linh tinh,50.000,Sữa,1,
13/09/2013,Ăn trưa,30.000,Hủ tiếu khô Lê Tú,1,
13/09/2013,Linh tinh,20.000,Vé số,1,
13/09/2013,Nhậu,100.000,Chia tay Phi,1,
14/09/2013,Linh tinh,16.000,Revive,1,
14/09/2013,Gửi xe,4.000,Sân bóng 917A,1,
14/09/2013,Linh tinh,500.000,Đám cưới Hồng 3 Mùi,1,1
14/09/2013,Đổ xăng,50.000,Linh Trung,1,
14/09/2013,Linh tinh,120.000,SM,1,
15/09/2013,Rút tài khoản,-2.000.000,Tân Quý,0,
15/09/2013,Phòng,600.000,,1,
15/09/2013,Linh tinh,40.000,Nón bảo hiểm,1,
15/09/2013,Thu tiền mượn,-900.000,Chị Hai,0,
15/09/2013,Nhậu,577.000,Với gia đình,1,
16/09/2013,Đổ xăng,50.000,Bạch Đằng,1,
16/09/2013,Ăn trưa,23.000,Bánh canh có lóc O Nhớ,1,
16/09/2013,Ăn tối,22.000,Cơm tấm Trương Vĩnh Ký,1,
17/09/2013,Ăn sáng,7.000,Xôi,1,
17/09/2013,Mượn,-25.000,Anh Đường,0,
17/09/2013,Ăn trưa,25.000,Cơm Tecapro,1,
17/09/2013,Nhậu,150.000,"Với anh Hùng, Phán, anh Linh, Hòa, Vũ Anh (team GE Zoo)",1,
18/09/2013,Ăn sáng,29.000,Phở Anh Tân Sơn Nhì,1,
18/09/2013,Ăn trưa,25.000,Cơm Tecapro,1,
18/09/2013,Trả tiền mượn,25.000,Anh Đường,0,
18/09/2013,Ăn tối,22.000,Cơm tấm Trương Vĩnh Ký,1,
19/09/2013,Ăn sáng,15.000,Bánh cuốn,1,
19/09/2013,Ăn trưa,30.000,Hủ tiếu khô Lê Tú,1,
19/09/2013,Mượn,-30.000,Lân bạn anh Đường,0,
19/09/2013,Ăn tối,35.000,Bún mắm Đồng Đen,1,
20/09/2013,Ăn sáng,7.000,Xôi,1,
20/09/2013,Ăn trưa,25.000,Cơm Tecapro,1,
20/09/2013,Ăn tối,12.000,Mì gói khô xương (hủ tiếu gõ Nguyễn Thái Bình),1,
20/09/2013,Ăn tối,25.000,Phở Thạch Anh Tân Sơn Nhì,1,
21/09/2013,Đổ xăng,50.000,Tân Kỳ Tân Quý,1,
21/09/2013,Ăn sáng,30.000,Xôi lá chuối Trường Chinh,1,
21/09/2013,Linh tinh,110.000,Cà phê với Thu,1,
22/09/2013,Linh tinh,20.000,Vé số,1,
22/09/2013,Ăn sáng,18.000,Bánh canh cá lóc Lê Đình Thám,1,
22/09/2013,Thay nhớt,75.000,Quang Tèo,1,
22/09/2013,Ăn tối,24.000,Bún thịt nướng Chấn Hưng,1,
22/09/2013,Cho mượn,500.000,Nhân,0,
23/09/2013,Linh tinh,30.000,Đóng tiền đi làm trễ,1,
23/09/2013,Ăn trưa,30.000,Hủ tiếu khô Lê Tú,1,
23/09/2013,Mượn,-10.000,An mập,0,
24/09/2013,Linh tinh,100.000,Góp tiền mua vịt quay,1,
24/09/2013,Ăn trưa,22.000,Bánh canh cá lóc O Nhớ,1,
24/09/2013,Trả tiền mượn,30.000,Lân bạn anh Đường,0,
24/09/2013,Cho mượn,50.000,Anh Đường,0,
24/09/2013,Linh tinh,16.000,Revive,1,
24/09/2013,Gửi xe,4.000,Sân bóng Huỳnh Tấn 4,1,
24/09/2013,Đổ xăng,50.000,Trường Chinh,1,
24/09/2013,Ăn tối,35.000,Phở Xuân Trường Chinh,1,
25/09/2013,Linh tinh,50.000,Gỏi cuốn,1,
25/09/2013,Ăn trưa,20.000,Cơm chay Xuân Hồng,1,
25/09/2013,Trả tiền mượn,10.000,An mập,0,
25/09/2013,Cho mượn,30.000,An mập,0,
25/09/2013,Thu tiền mượn,-50.000,Anh Đường,0,
25/09/2013,Ăn tối,25.000,Bún bò Sông Hương Gò Dầu,1,
26/09/2013,Ăn sáng,15.000,Bánh cuốn,1,
26/09/2013,Ăn trưa,50.000,Cơm Tấm Ngon,1,
26/09/2013,Thu tiền mượn,-30.000,An mập,0,
26/09/2013,Mượn,-20.000,An mập,0,
26/09/2013,Ăn tối,26.000,Mì quảng Tân Sơn Nhì,1,
27/09/2013,Ăn sáng,9.000,Bánh mì,1,
27/09/2013,Ăn tối,40.000,Phở khô Gia Lai,1,
28/09/2013,Linh tinh,18.000,Revive,1,
28/09/2013,Linh tinh,5.000,Nước mía,1,
28/09/2013,Ăn trưa,17.000,Cơm,1,
28/09/2013,Rút tài khoản,-2.000.000,Tecapro,0,
28/09/2013,Ăn tối,25.000,Cơm gà xối mỡ,1,
28/09/2013,Đổ xăng,50.000,Lê Văn Sỹ,1,
28/09/2013,Linh tinh,120.000,SM,1,
28/09/2013,Linh tinh,22.000,Nước tẩy bồn cầu,1,
28/09/2013,Linh tinh,49.000,Dầu gội Romano Unique,1,
28/09/2013,Linh tinh,46.000,Dầu gội Clear Men,1,
28/09/2013,Linh tinh,49.000,Lăn khử mùi Romano,1,
28/09/2013,Linh tinh,13.000,Bàn chải đánh răng,1,
29/09/2013,Ăn sáng,18.000,Bánh canh cá lóc,1,
29/09/2013,Linh tinh,29.000,Revive + bò húc,1,
29/09/2013,Ăn trưa,17.000,Cơm Trương Vĩnh Ký,1,
29/09/2013,Ăn tối,22.000,Cơm tấm Trương Vĩnh Ký,1,
29/09/2013,Linh tinh,15.000,Sương sa trái dừa,1,
30/09/2013,Ăn sáng,15.000,Xôi lá chuối Trường Chinh,1,
30/09/2013,Linh tinh,244.000,Siêu thị,1,
30/09/2013,Cho mượn,192.000,Công ty,0,
30/09/2013,Gửi xe,3.000,Siêu thị,1,
30/09/2013,Linh tinh,4.000,Đá lạnh,1,
30/09/2013,Linh tinh,8.000,Revive,1,
30/09/2013,Mượn,-10.000,Hoàng Viễn,0,
30/09/2013,Gửi xe,4.000,Sân bóng Huỳnh Tấn 4,1,
30/09/2013,Ăn tối,25.000,Phở Thạch Anh Tân Sơn Nhì,1,
30/09/2013,Linh tinh,10.000,Revive,1,
01/10/2013,Ăn sáng,18.000,Bánh mì ốp la,1,
01/10/2013,Ăn trưa,18.000,Cơm chay Bình Giã,1,
01/10/2013,Linh tinh,11.000,Đổi nước,1,
01/10/2013,Ăn tối,22.000,Cơm tấm Trương Vĩnh Ký,1,
01/10/2013,Gửi xe,4.000,Nhà văn hóa Phú Nhuận,1,
01/10/2013,Linh tinh,300.000,Vé xem biểu diễn guitar,1,
01/10/2013,Linh tinh,18.000,Nước ngọt,1,
02/10/2013,Ăn sáng,18.000,Bánh canh cá lóc,1,
02/10/2013,Đổ xăng,50.000,Ngã tư Bà Quẹo,1,
02/10/2013,Ăn trưa,18.000,Cơm chay Bình Giã,1,
02/10/2013,Linh tinh,7.000,Giấy nhám,1,
02/10/2013,Ăn tối,22.000,Cơm tấm Trương Vĩnh Ký,1,
02/10/2013,Linh tinh,17.000,Revive + bò húc,1,
02/10/2013,Gửi xe,3.000,Sân bóng K334,1,
02/10/2013,Linh tinh,20.000,Đá banh,1,
03/10/2013,Ăn trưa,18.000,Cơm Trương Vĩnh Ký,1,
03/10/2013,Ăn tối,49.000,Hủ tiếu bò viên Vĩnh Viễn,1,
03/10/2013,Đổ xăng,50.000,Ngã tự Bảy Hiền,1,
03/10/2013,Linh tinh,120.000,SM,1,
04/10/2013,Linh tinh,210.000,Adapter cho laptop Toshiba,1,
05/10/2013,Linh tinh,16.000,Revive,1,
05/10/2013,Gửi xe,4.000,Sân bóng 917A,1,
05/10/2013,Đổ xăng,50.000,Tân Kỳ Tân Quý 2,1,
05/10/2013,Ăn trưa,17.000,Cơm Trương Vĩnh Ký,1,
05/10/2013,Linh tinh,20.000,Cục chuyển đầu cắm,1,
05/10/2013,Rút tài khoản,-1.000.000,Tân Quý,0,
05/10/2013,Ăn tối,11.000,Bột chiên,1,
06/10/2013,Gửi xe,4.000,Sân bóng A2,1,
06/10/2013,Đổ xăng,50.000,Cộng Hòa,1,
06/10/2013,Thu,-24.000,"Đánh bài vơi Linh, Loan, Bống, Lệ",1,
07/10/2013,Ăn sáng,7.000,Xôi,1,
07/10/2013,Ăn trưa,20.000,Cơm chay Bình Giã,1,
07/10/2013,Gửi xe,4.000,Sân bóng Huỳnh Tấn 4,1,
07/10/2013,Linh tinh,20.000,Vé số,1,
07/10/2013,Ăn tối,35.000,Phở Xuân Trường Chinh,1,
08/10/2013,Thu tiền mượn,-500.000,Nhân,0,
08/10/2013,Ăn trưa,30.000,Hủ tiếu khô Lê Tú,1,
08/10/2013,Thu tiền mượn,-192.000,Công ty,0,
08/10/2013,Thu,-8.000,Tiền workshop dư,1,
08/10/2013,Linh tinh,20.000,Gỏi cuốn,1,
08/10/2013,Gửi xe,3.000,Sân bóng Hiệp Phát,1,
08/10/2013,Ăn tối,11.000,Bột chiên,1,
09/10/2013,Ăn sáng,22.000,Nui,1,
09/10/2013,Ăn trưa,56.000,Cơm gà Hồng Phát Hoàng Văn Thụ,1,
09/10/2013,Linh tinh,15.000,Nước muối sinh lý + bông tây,1,
09/10/2013,Ăn tối,23.000,Cơm tấm Trương Vĩnh Ký,1,
09/10/2013,Thất thoát,1.000,,1,
10/10/2013,Ăn sáng,15.000,Bánh cuốn,1,
10/10/2013,Đổ xăng,50.000,Bàu Cát,1,
10/10/2013,Ăn trưa,25.000,Cơm Teca Pro,1,
10/10/2013,Ăn tối,25.000,Bún bò Sông Hương,1,
10/10/2013,Linh tinh,120.000,SM,1,
11/10/2013,Ăn sáng,10.000,Bánh mì,1,
11/10/2013,Nhậu,420.000,Anh Chiến,1,
11/10/2013,Linh tinh,120.000,SM,1,
11/10/2013,Ăn tối,15.000,Hủ tiếu gõ,1,
11/10/2013,Linh tinh,10.000,Revive,1,
12/10/2013,Ăn sáng,18.000,Bánh canh cá lóc,1,
12/10/2013,Ăn trưa,17.000,Cơm Trương Vĩnh Ký,1,
12/10/2013,Linh tinh,16.000,Revive,1,
12/10/2013,Đổ xăng,50.000,Bàu Cát,1,
12/10/2013,Ăn tối,40.000,Phở khô Gia Lai,1,
12/10/2013,Linh tinh,100.000,Xem biểu diễn guitar - Đặng Huy Hoàng - Remi Cafe,1,
13/10/2013,Ăn sáng,18.000,Bánh canh cá lóc Lê Đình Thám,1,
13/10/2013,Ăn trưa,30.000,Cơm Trương Vĩnh Ký,1,
13/10/2013,Gửi xe,4.000,Sân bóng A2,1,
13/10/2013,Ăn tối,25.000,Phở Thạch Anh Gò Dầu,1,
13/10/2013,Hớt tóc,40.000,Gần Trương Vĩnh Ký,1,
13/10/2013,Rút tài khoản,-1.000.000,Tân Quý,0,
13/10/2013,Phòng,600.000,,1,
13/10/2013,Cho mượn,100.000,Nghĩa,0,
14/10/2013,Ăn sáng,15.000,Bánh cuốn,1,
14/10/2013,Ăn trưa,50.000,Cơm tấm 3 Ghiền,1,
14/10/2013,Ăn tối,12.000,Hủ tiếu gõ,1,
15/10/2013,Ăn sáng,7.000,Xôi,1,
15/10/2013,Ăn trưa,20.000,Bún riêu K300,1,
15/10/2013,Ăn tối,12.000,Hủ tiếu gõ,1,
15/10/2013,Gửi xe,4.000,Nhà văn hóa Phú Nhuận,1,
15/10/2013,Linh tinh,150.000,Xem biểu diễn guitar nghệ sỹ Keishi Sumi,1,
16/10/2013,Ăn sáng,18.000,Bánh canh cá lóc Lê Đình Thám,1,
16/10/2013,Ăn trưa,25.000,Bánh cuốn Nguyễn Thái Bình,1,
16/10/2013,Ăn tối,23.000,Cơm tấm Trương Vĩnh Ký,1,
17/10/2013,Đổ xăng,50.000,Bàu Cát,1,
17/10/2013,Ăn sáng,7.000,Xôi,1,
17/10/2013,Ăn trưa,25.000,Cơm văn phòng K300,1,
17/10/2013,Ăn tối,25.000,Bún bò Trường Chinh,1,
18/10/2013,Ăn sáng,7.000,Xôi,1,
18/10/2013,Ăn trưa,25.000,Cơm văn phòng K300,1,
18/10/2013,Rút tài khoản,-2.000.000,Tecapro,0,
18/10/2013,Cho mượn,1.000.000,Nhân,0,
18/10/2013,Linh tinh,500.000,Đám cưới Đông team OC,1,1
18/10/2013,Gửi xe,5.000,Nhà hàng Nam Bộ,1,
18/10/2013,Thu tiền mượn,-100.000,Nghĩa,0,
19/10/2013,Ăn trưa,18.000,Cơm Trương Vĩnh Ký,1,
19/10/2013,Linh tinh,300.000,Áo sơ mi Blue Exchange,1,
19/10/2013,Linh tinh,500.000,Đám cưới anh Chung,1,1
19/10/2013,Mượn,-800.000,Anh Vũ,0,
19/10/2013,Cho mượn,800.000,Anh Đường,0,
20/10/2013,Ăn sáng,18.000,Bánh canh cá lóc Lê Đình Thám,1,
20/10/2013,Rút tài khoản,-1.000.000,Tecapro,0,
20/10/2013,Ăn tối,35.000,Phở Xuân Trường Chinh,1,
21/10/2013,Ăn sáng,20.000,Mì quảng Núi Thành,1,
21/10/2013,Thu tiền mượn,-800.000,Anh Đường,0,
21/10/2013,Trả tiền mượn,800.000,Anh Vũ,0,
21/10/2013,Ăn trưa,25.000,Cơm văn phòng K300,1,
21/10/2013,Ăn tối,31.000,Cơm chiên Hàu Việt,1,
21/10/2013,Đổ xăng,50.000,Cộng Hòa,1,
21/10/2013,Linh tinh,200.000,SM,1,
22/10/2013,Linh tinh,25.000,Cắt chìa khóa,1,
22/10/2013,Ăn sáng,15.000,Bánh cuốn Bình Giã,1,
22/10/2013,Rút tài khoản,-25.000.000,Cho chị Hai mượn,0,
22/10/2013,Cho mượn,25.000.000,Chị Hai,0,
22/10/2013,Ăn trưa,30.000,Hủ tiếu khô Lê Tú,1,
22/10/2013,Linh tinh,22.000,Bột chiên,1,
22/10/2013,Linh tinh,10.000,Revive,1,
22/10/2013,Ăn tối,25.000,Phở Thạch Anh Gò Dầu,1,
23/10/2013,Linh tinh,48.000,Bò húc,1,
23/10/2013,Ăn sáng,9.000,Bánh mì Núi Thành,1,
23/10/2013,Ăn trưa,25.000,Cơm văn phòng K300,1,
23/10/2013,Nhậu,228.000,"Với a.Hùng, Thanh, a.Thành Bùi",1,
24/10/2013,Ăn sáng,20.000,Cháo lòng Nguyễn Thái Bình,1,
24/10/2013,Ăn trưa,23.000,Cơm gà nước Đồng Nai,1,
24/10/2013,Linh tinh,7.000,Bánh mì,1,
24/10/2013,Ăn tối,22.000,Cơm tấm Trương Vĩnh Ký,1,
25/10/2013,Đổ xăng,50.000,Tân Kỳ Tân Quý 2,1,
25/10/2013,Ăn trưa,25.000,Cơm văn phòng K300,1,
25/10/2013,Ăn tối,22.000,Cơm tấm Trương Vĩnh Ký,1,
26/10/2013,Linh tinh,16.000,Revive,1,
26/10/2013,Linh tinh,5.000,Nước mía,1,
26/10/2013,Gửi xe,4.000,Sân bóng 917A,1,
26/10/2013,Rút tài khoản,-1.500.000,Tân Quý,0,
26/10/2013,Ăn trưa,17.000,Cơm Trương Vĩnh Ký,1,
26/10/2013,Linh tinh,200.000,SM,1,
26/10/2013,Ăn tối,13.000,Bánh mì Thổ Nhĩ Kỳ Tân Sơn Nhì,1,
27/10/2013,Đổ xăng,50.000,Lũy Bán Bích,1,
27/10/2013,Gửi xe,10.000,Khu nhà gỗ quận 7,1,
27/10/2013,Ăn trưa,78.000,Phở Nguyễn Thị Thập q7,1,
27/10/2013,Linh tinh,17.000,Nước ngọt,1,
27/10/2013,Linh tinh,6.000,Xe buýt từ quận 8 (nhà Thu) về công viên Hoàng Văn Thụ,1,
27/10/2013,Gửi xe,4.000,Công viên Hoàng Văn Thụ,1,
28/10/2013,Ăn sáng,18.000,Bánh canh cá lóc Lê Đình Thám,1,
28/10/2013,Ăn trưa,25.000,Cơm Tecapro,1,
28/10/2013,Gửi xe,4.000,Sân bóng Huỳnh Tấn 4,1,
28/10/2013,Ăn tối,30.000,Phở Thạch Anh Gò Dầu,1,
29/10/2013,Ăn sáng,15.000,Bánh cuốn Núi Thành,1,
29/10/2013,Ăn trưa,30.000,Cơm văn phòng K300,1,
29/10/2013,Nhậu,203.000,Với team HRP,1,
30/10/2013,Ăn sáng,18.000,Bánh canh cá lóc Lê Đình Thám,1,
30/10/2013,Đổ xăng,50.000,Bàu Cát,1,
30/10/2013,Ăn trưa,25.000,Cơm văn phòng K300,1,
30/10/2013,Cho mượn,20.000,Anh Đường,0,
30/10/2013,Ăn tối,25.000,Bún bò Sông Hương Gò Dầu,1,
31/10/2013,Ăn sáng,10.000,Xôi Núi Thành,1,
31/10/2013,Ăn trưa,25.000,Cơm Tecapro,1,
31/10/2013,Gửi xe,3.000,Sân bóng Dạ Phi Cơ,1,
31/10/2013,Ăn tối,30.000,Phở Thạch Anh Gò Dầu,1,
01/11/2013,Ăn sáng,15.000,Bánh cuốn Núi Thành,1,
01/11/2013,Ăn trưa,26.000,Bánh canh gà K300,1,
01/11/2013,Mượn,-20.000,Bạn anh Hùng,0,
01/11/2013,Ăn tối,40.000,Phở khô Gia Lai,1,
02/11/2013,Gửi xe,4.000,Sân bóng 917A,1,
02/11/2013,Nhậu,200.000,"Với anh Tùng, anh Vũ, Bi, Nhân",1,
02/11/2013,Ăn tối,25.000,Phở Thạch Anh Gò Dầu,1,
03/11/2013,Đổ xăng,50.000,Bàu Cát,1,
03/11/2013,Linh tinh,157.000,Cà phê với Thu,1,
03/11/2013,Ăn trưa,18.000,Cơm chay Bình Giã,1,
03/11/2013,Linh tinh,20.000,Revive,1,
03/11/2013,Ăn tối,26.000,Hủ tiếu nam vang Bàu Cát,1,
04/11/2013,Ăn sáng,15.000,Bánh cuốn Núi Thành,1,
04/11/2013,Ăn trưa,30.000,Hủ tiếu khô Lê Tú,1,
04/11/2013,Linh tinh,25.000,Sửa xe,1,
04/11/2013,Ăn tối,40.000,Cơm tấm,1,
04/11/2013,Linh tinh,50.000,Hủ tiếu nam vang,1,
05/11/2013,Ăn sáng,25.000,Nui Nguyễn Duy Trinh,1,
05/11/2013,Trả tiền mượn,20.000,Bạn anh Hùng,0,
05/11/2013,Ăn trưa,25.000,Cơm Tecapro,1,
05/11/2013,Rút tài khoản,-1.500.000,Tecapro,0,
05/11/2013,Ăn tối,26.000,Mì quảng Tân Sơn Nhì,1,
05/11/2013,Đổ xăng,50.000,Ngã tư Phú Nhuận,1,
06/11/2013,Ăn sáng,19.000,Bánh cuốn + bánh mì,1,
06/11/2013,Linh tinh,26.000,"Đi chơi hội chợ với Quốc, Quân, má",1,
07/11/2013,Linh tinh,13.000,Thuốc nhỏ mắt cho má,1,
07/11/2013,Linh tinh,40.000,"Đi chơi chung cư với má, Quân",1,
08/11/2013,Đổ xăng,50.000,"Lê Văn Thịnh, quận 2",1,
09/11/2013,Ăn sáng,40.000,Bún mọc với má,1,
09/11/2013,Thu,-7.000,Hai đưa dư,1,
09/11/2013,Linh tinh,10.000,Revive,1,
10/11/2013,Ăn sáng,18.000,Bánh canh cá lóc Lê Đình Thám,1,
10/11/2013,Ăn trưa,20.000,Cơm,1,
10/11/2013,Linh tinh,30.000,Sương sa trái dừa,1,
10/11/2013,Ăn tối,26.000,Hủ tiếu nam vang Bàu Cát,1,
10/11/2013,Mượn,-100.000,Loan,0,
10/11/2013,Linh tinh,100.000,Sinh nhật Lệ bà Đức,1,
11/11/2013,Ăn sáng,15.000,Bánh cuốn Núi Thành,1,
11/11/2013,Ăn trưa,25.000,Cơm văn phòng K300,1,
11/11/2013,Thu tiền mượn,-20.000,Anh Đường,0,
11/11/2013,Ăn tối,10.000,Hủ tiếu gõ,1,
11/11/2013,Linh tinh,20.000,Revive,1,
11/11/2013,Đổ xăng,50.000,Cộng Hòa,1,
11/11/2013,Gửi xe,4.000,Sân bóng Huỳnh Tấn 4,1,
11/11/2013,Phòng,605.000,,1,
11/11/2013,Ăn tối,30.000,Phở Thạch Anh Gò Dầu,1,
11/11/2013,Linh tinh,16.000,Revive + C2,1,
12/11/2013,Ăn sáng,9.000,Bánh mì,1,
12/11/2013,Ăn trưa,23.000,Hủ tiếu khô Lê Tú,1,
12/11/2013,Linh tinh,150.000,Đóng tiền phạt lấn tuyến,1,
13/11/2013,Rút tài khoản,-2.000.000,Tân Quý,0,
13/11/2013,Linh tinh,32.000,Bánh mì ngọt + sữa,1,
13/11/2013,Ăn trưa,25.000,Cơm văn phòng K300,1,
13/11/2013,Mượn,-5.000,Anh Đường,0,
13/11/2013,Linh tinh,70.000,Xem phim Thor 2,1,
13/11/2013,Mượn,-70.000,Thanh,0,
13/11/2013,Gửi xe,5.000,Pandora,1,
13/11/2013,Ăn tối,23.000,Bún chả cá,1,
13/11/2013,Linh tinh,35.000,Chổi,1,
13/11/2013,Linh tinh,10.000,Đồ hốt rác,1,
14/11/2013,Ăn sáng,26.000,Mì quảng Tân Sơn Nhì,1,
14/11/2013,Ăn trưa,25.000,Cơm văn phòng K300,1,
14/11/2013,Trả tiền mượn,5.000,Anh Đường,0,
14/11/2013,Linh tinh,20.000,Bánh mì + nước ngọt,1,
14/11/2013,Linh tinh,16.000,Revive,1,
14/11/2013,Gửi xe,3.000,Sân bóng Dạ Phị Cơ,1,
14/11/2013,Linh tinh,20.000,Vé số,1,
14/11/2013,Ăn tối,25.000,Phở Thạch Anh Gò Dầu,1,
15/11/2013,Ăn sáng,20.000,Cháo lòng Nguyễn Thái Bình,1,
15/11/2013,Ăn trưa,30.000,Bánh đa cua - Bún Ngon,1,
15/11/2013,Ăn tối,23.000,Cơm tấm Trương Vĩnh Ký,1,
16/11/2013,Đổ xăng,50.000,Bàu Cát,1,
16/11/2013,Ăn tối,25.000,Bún bò Sông Hương,1,
16/11/2013,Ăn tối,11.000,Bột chiên,1,
17/11/2013,Linh tinh,100.000,Thay bố thắng,1,
17/11/2013,Ăn sáng,15.000,Cháo lòng,1,
17/11/2013,Linh tinh,559.000,Quần jean,1,1
17/11/2013,Linh tinh,15.000,Sửa quần jean,1,
17/11/2013,Linh tinh,500.000,Đám cưới Mỹ,1,
17/11/2013,Cho mượn,300.000,Lắm 12A,0,
17/11/2013,Linh tinh,50.000,Cà phê với lớp 12A,1,
17/11/2013,Linh tinh,250.000,Dây đàn Dadario EJ-48,1,
17/11/2013,Mượn,-200.000,Lai,0,
17/11/2013,Rút tài khoản,-2.000.000,Tân Quý,0,
17/11/2013,Ăn tối,15.000,Hủ tiếu gõ,1,
17/11/2013,Linh tinh,20.000,Giặt đồ,1,
17/11/2013,Linh tinh,10.000,Revive,1,
18/11/2013,Ăn sáng,15.000,Bánh cuốn Núi Thành,1,
18/11/2013,Ăn trưa,25.000,Cơm,1,
19/11/2013,Ăn sáng,25.000,Mì quảng Tân Sơn Nhì,1,
19/11/2013,Đổ xăng,50.000,Bàu Cát,1,
19/11/2013,Ăn trưa,55.000,Gà rán,1,
19/11/2013,Gửi xe,3.000,Siêu thị Maximart,1,
19/11/2013,Ăn tối,90.000,Xôi lá chuối (cho team),1,
19/11/2013,Linh tinh,3.000,Đá lạnh,1,
20/11/2013,Ăn sáng,12.000,Bánh mì Thổ Nhĩ Kỳ,1,
20/11/2013,Ăn trưa,20.000,Hủ tiếu khô Lê Tú,1,
20/11/2013,Ăn tối,25.000,Bún bò,1,
20/11/2013,Mượn,-25.000,Vũ Anh,0,
20/11/2013,Trả tiền mượn,70.000,Thanh,0,
20/11/2013,Thu tiền mượn,-1.000.000,Nhân,0,
21/11/2013,Ăn sáng,15.000,Bánh cuốn Núi Thành,1,
21/11/2013,Ăn trưa,25.000,Cơm văn phòng K300,1,
21/11/2013,Linh tinh,10.000,Bánh tráng trộn,1,
22/11/2013,Ăn sáng,20.000,Hủ tiếu bò kho,1,
22/11/2013,Linh tinh,15.000,Kem,1,
22/11/2013,Rút tài khoản,-57.000,Trả tiền điện thoại cho anh Hùng,0,
22/11/2013,Cho mượn,57.000,Anh Hùng,0,
22/11/2013,Ăn tối,31.000,Cơm tấm,1,
22/11/2013,Đổ xăng,40.000,Xa lộ Hà Nội,1,
22/11/2013,Linh tinh,200.000,SM,1,
23/11/2013,Thu tiền mượn,-57.000,Anh Hùng,0,
23/11/2013,Rút tài khoản,-20.000,Cho anh Lộc mượn,0,
23/11/2013,Trả tiền mượn,100.000,Loan,0,
24/11/2013,Ăn trưa,100.000,"Với Lai, Linh, Loan, Tĩnh",1,
24/11/2013,Ăn tối,40.000,Phở khô Gia Lai,1,
25/11/2013,Ăn sáng,12.000,Bánh mì Thổ Nhĩ Kỳ,1,
25/11/2013,Ăn trưa,50.000,Cơm gà xối mỡ,1,
25/11/2013,Linh tinh,20.000,Gỏi cuốn,1,
25/11/2013,Ăn tối,35.000,Phở Xuân Trường Chinh,1,
25/11/2013,Linh tinh,20.000,Vé số,1,
26/11/2013,Đổ xăng,50.000,Bàu Cát,1,
26/11/2013,Ăn sáng,12.000,Bánh mì Thổ Nhĩ Kỳ,1,
26/11/2013,Ăn trưa,25.000,Cơm văn phòng K300,1,
27/11/2013,Ăn trưa,25.000,Cơm văn phòng K300,1,
27/11/2013,Ăn tối,22.000,Cơm tấm Trương Vĩnh Ký,1,
27/11/2013,Linh tinh,120.000,SM,1,
28/11/2013,Ăn sáng,15.000,Bánh cuốn Núi Thành,1,
28/11/2013,Ăn trưa,23.000,Hủ tiếu khô Lê Tú,1,
28/11/2013,Ăn tối,56.000,Cháo,1,
29/11/2013,Ăn sáng,8.000,Bánh mì,1,
29/11/2013,Linh tinh,8.000,Nước ngọt,1,
29/11/2013,Ăn trưa,25.000,Cơm Tecapro,1,
30/11/2013,Ăn sáng,12.000,Bánh mì Thổ Nhĩ Kỳ,1,
01/12/2013,Đổ xăng,50.000,Cộng Hòa,1,
01/12/2013,Thất thoát,2.000,,1,
01/12/2013,Linh tinh,120.000,SM,1,
02/12/2013,Linh tinh,24.000,Sữa,1,
02/12/2013,Ăn trưa,28.000,Cơm,1,
02/12/2013,Mượn,-30.000,Anh Đường,0,
02/12/2013,Cho mượn,200.000,Anh Hùng,0,
03/12/2013,Ăn sáng,15.000,Bánh cuốn Núi Thành,1,
03/12/2013,Ăn trưa,27.000,Bún bò,1,
04/12/2013,Ăn trưa,15.000,Bún riêu,1,
04/12/2013,Trả tiền mượn,30.000,Anh Đường,0,
04/12/2013,Cho mượn,29.000,Anh Hùng,0,
04/12/2013,Linh tinh,1.000,Cho anh Hùng,1,
04/12/2013,Ăn tối,12.000,Hủ tiếu,1,
04/12/2013,Linh tinh,20.000,Xúc xích,1,
05/12/2013,Ăn sáng,15.000,Bánh cuốn Núi Thành,1,
05/12/2013,Ăn trưa,25.000,Cơm,1,
06/12/2013,Thu tiền mượn,-229.000,Anh Hùng,0,
06/12/2013,Linh tinh,1.000,Bơm xe,1,
06/12/2013,Linh tinh,65.000,Thay ruột xe,1,
06/12/2013,Ăn trưa,25.000,Cơm văn phòng K300,1,
06/12/2013,Cho mượn,50.000,Thanh,0,
06/12/2013,Ăn tối,100.000,Với team GE HOC,1,
06/12/2013,Đổ xăng,50.000,Ngã tư Bảy Hiền,1,
07/12/2013,Linh tinh,165.000,Khách sạn,1,
08/12/2013,Ăn sáng,80.000,Phở với anh Hùng,1,
08/12/2013,Linh tinh,120.000,SM,1,
09/12/2013,Ăn tối,10.000,Bánh mì,1,
09/12/2013,Linh tinh,15.000,Sinh tố,1,
09/12/2013,Mượn,-25.000,Phán,0,
09/12/2013,Ăn trưa,25.000,Phán,1,
09/12/2013,Linh tinh,432.000,Siêu thị,1,
09/12/2013,Gửi xe,3.000,Siêu thị,1,
09/12/2013,Ăn tối,13.000,Bánh mì,1,
09/12/2013,Linh tinh,16.000,Revive,1,
10/12/2013,Linh tinh,26.000,Sữa,1,
10/12/2013,Rút tài khoản,-1.000.000,Tecapro,0,
10/12/2013,Ăn trưa,15.000,Cơm tấm Mộc,1,
10/12/2013,Ăn tối,30.000,Bún mắm nêm,1,
10/12/2013,Đổ xăng,50.000,Bàu Cát,1,
10/12/2013,Linh tinh,30.000,Cà phê coi đá banh,1,
10/12/2013,Hớt tóc,30.000,Gần Trương Vĩnh Ký,1,
11/12/2013,Thay nhớt,85.000,Thay nhớt + thay bóng đèn,1,
11/12/2013,Linh tinh,80.000,Bọc yên xe,1,
11/12/2013,Ăn trưa,30.000,Bún cá rô đồng,1,
11/12/2013,Cho mượn,42.000,Thanh,0,
11/12/2013,Thu tiền mượn,-92.000,Thanh,0,
11/12/2013,Thu,-8.000,Thanh đưa dư,1,
11/12/2013,Ăn tối,30.000,Phở Thạch Anh Gò Dầu,1,
11/12/2013,Linh tinh,120.000,SM,1,
12/12/2013,Ăn sáng,18.000,Bánh canh cá lóc,1,
12/12/2013,Ăn trưa,25.000,Cơm gà xối mỡ,1,
12/12/2013,Rút tài khoản,-2.000.000,Tecapro,0,
12/12/2013,Linh tinh,20.000,Vé số,1,
12/12/2013,Nhậu,100.000,Team HOC GE,1,
12/12/2013,Cho mượn,1.000.000,Anh Hùng,0,
13/12/2013,Ăn sáng,12.000,Bánh mì Thổ Nhĩ Kỳ,1,
13/12/2013,Ăn trưa,30.000,Hủ tiếu khô Lê Tú,1,
13/12/2013,Ăn tối,23.000,Cơm tấm Trương Vĩnh Ký,1,
14/12/2013,Phòng,600.000,,1,
14/12/2013,Cho mượn,600.000,Nghĩa,0,
14/12/2013,Linh tinh,16.000,Revive,1,
14/12/2013,Gửi xe,4.000,Sân bóng 917A,1,
14/12/2013,Thu tiền mượn,-600.000,Nghĩa,0,
14/12/2013,Ăn trưa,17.000,Cơm Trương Vĩnh Ký,1,
14/12/2013,Rút tài khoản,-2.000.000,Tân Quý,0,
14/12/2013,Linh tinh,15.000,Rửa xe Lê Đình Thám,1,
14/12/2013,Đổ xăng,50.000,Trương Định,1,
14/12/2013,Ăn tối,28.000,Bún bò O Vui,1,
14/12/2013,Linh tinh,71.000,Cà phê,1,
15/12/2013,Ăn sáng,18.000,Bánh canh cá lóc Lê Đình Thám,1,
15/12/2013,Ăn trưa,30.000,Bún mắm nêm,1,
15/12/2013,Linh tinh,210.000,Dép,1,
15/12/2013,Ăn tối,25.000,Phở,1,
15/12/2013,Linh tinh,70.000,Vé xem chung kết The Voice,1,
15/12/2013,Gửi xe,5.000,Nhà thi đấu Nguyễn Du,1,
16/12/2013,Ăn sáng,15.000,Bánh cuốn Núi Thành,1,
16/12/2013,Ăn trưa,25.000,Cơm văn phòng K300,1,
16/12/2013,Ăn tối,13.000,Bánh mì,1,
16/12/2013,Linh tinh,8.000,Nước ngọt,1,
16/12/2013,Linh tinh,16.000,Revive,1,
16/12/2013,Linh tinh,160.000,Tất đá banh,1,
16/12/2013,Gửi xe,4.000,Sân bóng A2,1,
16/12/2013,Ăn tối,11.000,Bột chiên,1,
17/12/2013,Đổ xăng,50.000,Bàu Cát,1,
17/12/2013,Ăn trưa,25.000,Cơm văn phòng K300,1,
17/12/2013,Linh tinh,50.000,Cà phê,1,
17/12/2013,Ăn tối,23.000,Hủ tiếu khô Lê Tú,1,
18/12/2013,Ăn sáng,20.000,Bánh cuốn,1,
18/12/2013,Linh tinh,5.000,Đóng tiền quỹ trang trí cho team,1,
18/12/2013,Ăn trưa,30.000,Bánh canh cá lóc,1,
18/12/2013,Mượn,-30.000,Anh Đường,0,
18/12/2013,Rút tài khoản,-3.000.000,Bình Giã,0,
18/12/2013,Cho mượn,3.000.000,Nhân,0,
18/12/2013,Thất thoát,50.000,,1,
18/12/2013,Ăn tối,30.000,Cơm tấm Mộc,1,
19/12/2013,Ăn sáng,12.000,Bánh mì Thỗ Nhĩ Kỳ,1,
19/12/2013,Ăn trưa,25.000,Cơm văn phòng K300,1,
19/12/2013,Rút tài khoản,-20.000,,0,
19/12/2013,Cho mượn,20.000,Anh Lộc,0,
19/12/2013,Ăn tối,23.000,Cơm tấm Trương Vĩnh Ký,1,
20/12/2013,Ăn trưa,17.000,Cơm Trương Vĩnh Ký,1,
20/12/2013,Thu tiền mượn,-20.000,Anh Lộc,0,
20/12/2013,Nhậu,150.000,"Với Thanh, a.Hùng",1,
20/12/2013,Linh tinh,120.000,SM,1,
20/12/2013,Linh tinh,20.000,Xúc xích,1,
20/12/2013,Linh tinh,18.000,Sinh tố,1,
21/12/2013,Ăn trưa,35.000,Phở khô Gia Lai,1,
21/12/2013,Linh tinh,20.000,Mít,1,
21/12/2013,Linh tinh,15.000,Nước ngọt,1,
21/12/2013,Ăn tối,25.000,Bún bò,1,
21/12/2013,Trả tiền mượn,200.000,Lai,0,
21/12/2013,Linh tinh,300.000,Dây đàn,1,
22/12/2013,Đổ xăng,50.000,Nguyễn Duy Trinh,1,
22/12/2013,Ăn trưa,20.000,Cơm,1,
22/12/2013,Ăn tối,30.000,Phở Thạch Anh Gò Dầu,1,
23/12/2013,Ăn trưa,18.000,Cơm Trương Vĩnh Ký,1,
23/12/2013,Ăn tối,12.000,Hủ tiếu gõ,1,
23/12/2013,Linh tinh,60.000,Phô mai que + sữa chua dẻo,1,
23/12/2013,Linh tinh,3.000,Trung tâm Anh ngữ IGE,1,
24/12/2013,Rút tài khoản,-2.000.000,Tân Quý,0,
24/12/2013,Linh tinh,400.000,Giày,1,
24/12/2013,Linh tinh,35.000,Dán màn hình điện thoại,1,
24/12/2013,Ăn trưa,20.000,Cơm Trương Vĩnh Ký,1,
24/12/2013,Linh tinh,70.000,Xem phim Tèo Em,1,
24/12/2013,Linh tinh,100.000,Nước ngọt,1,
24/12/2013,Trả tiền mượn,30.000,Anh Đường,0,
24/12/2013,Cho mượn,20.000,Anh Đường,0,
24/12/2013,Gửi xe,5.000,Pandora City,1,
24/12/2013,Ăn tối,27.000,Mì quảng Tân Sơn Nhì,1,
24/12/2013,Linh tinh,18.000,Nước ngọt,1,
24/12/2013,Thất thoát,1.000,,1,
25/12/2013,Linh tinh,26.000,Sữa,1,
25/12/2013,Ăn trưa,30.000,Bún cá rô đồng,1,
25/12/2013,Đổ xăng,50.000,Bàu Cát,1,
25/12/2013,Ăn tối,30.000,Cơm tấm Mộc,1,
26/12/2013,Linh tinh,21.000,Bánh mì + nước ngọt,1,
26/12/2013,Ăn tối,38.000,Bò bít tết,1,
26/12/2013,Linh tinh,120.000,SM,1,
27/12/2013,Ăn trưa,20.000,Cơm Trương Vĩnh Ký,1,
27/12/2013,Ăn tối,27.000,Mì quảng Tân Sơn Nhì,1,
27/12/2013,Linh tinh,20.000,"Xúc xích, cá viên chiên",1,
27/12/2013,Linh tinh,16.000,Nước ngọt,1,
28/12/2013,Linh tinh,160.000,SM,1,
28/12/2013,Đổ xăng,50.000,Phan Đăng Lưu,1,
28/12/2013,Linh tinh,18.000,Sinh tố,1,
28/12/2013,Linh tinh,11.000,Bột chiên,1,
29/12/2013,Ăn sáng,18.000,Bánh canh cá lóc Lê Đình Thám,1,
29/12/2013,Ăn trưa,15.000,Xôi lá chuối,1,
29/12/2013,Ăn tối,23.000,Cơm tấm Trương Vĩnh Ký,1,
29/12/2013,Thu tiền mượn,-300.000,Lắm 12A,0,
30/12/2013,Ăn trưa,17.000,Cơm Trương Vĩnh Ký,1,
30/12/2013,Linh tinh,20.000,Sting,1,
30/12/2013,Linh tinh,100.000,Đặt cọc tiền mua áo cho Hùng Củ Sâm,1,
30/12/2013,Ăn tối,13.000,Bún thịt nướng,1,
30/12/2013,Gửi xe,4.000,Nhà văn hóa Phú Nhuận,1,
30/12/2013,Ăn tối,30.000,Bánh canh cá,1,
31/12/2013,Ăn trưa,34.000,Cơm tấm Mộc,1,
31/12/2013,Thu tiền mượn,-1.000.000,Anh Hùng,0,
31/12/2013,Linh tinh,18.000,Revive,1,
31/12/2013,Gửi xe,3.000,Sân bóng Hiệp Phát,1,
31/12/2013,Ăn tối,30.000,Phở Thạch Anh Gò Dầu,1,
,,,,-,
,,,,-,
,,,,-,
,,,,-,
,,,,-,
,,,,-,
,,,,-,
,,,,-,
,,,,-,
,,,,-,
,,,,-,
,,,,-,
,,,,-,
,,,,-,
,,,,-,
,,,,-,
,,,,-,
,,,,-,
,,,,-,
,,,,-,
,,,,-,
,,,,-,
,,,,-,
,,,,-,
,,,,-,
,,,,-,
,,,,-,
,,,,-,
,,,,-,