Ngày,Lý do chi, Số tiền,Ghi chú,Điều kiện,Đầu tháng,,Số dư,"2,259,000"
2010-11-01,Ăn sáng,"12,000",,0,7/1/2012,,Chi tháng 7,"54,000"
2010-11-01,Ăn trưa,"17,000",,0,,,Chỉ tiêu,"111,000"
2010-11-01,Gửi xe,"2,000",,0,,,,
2010-11-01,Linh tinh,"10,000",Sửa ổ khóa,0,,,,
2010-11-03,Gửi xe,"1,000",Trường SPKT,0,,,,
2010-11-03,Gửi xe,"2,000",Nhà máy nước,0,,,,
2010-11-05,Ăn sáng,"12,000",,0,,,,
2010-11-05,Linh tinh,"3,000",Xe buýt,0,,,,
2010-11-06,Đổ xăng,"30,000",,0,,,,
2010-11-06,Gửi xe,"2,000",,0,,,,
2010-11-06,Nhậu,"50,000",,0,,,,
2010-11-08,Ăn sáng,"10,000",,0,,,,
2010-11-08,Ăn trưa,"20,000",Mì xào + 5K phần của Dư,0,,,,
2010-11-08,Linh tinh,"5,000",Áo mưa,0,,,,
2010-11-10,Ăn sáng,"5,000",,0,,,,
2010-11-10,Gửi xe,"2,000",2 lần,0,,,,
2010-11-10,Linh tinh,"57,000",Quà sinh nhật Huyên,0,,,,
2010-11-11,Linh tinh,"110,000",Quà cho thầy hướng dẫn SP,0,,,,
2010-11-12,Đổ xăng,"30,000",,0,,,,
2010-11-12,Gửi xe,"2,000",,0,,,,
2010-11-14,Đổ xăng,"20,000",,0,,,,
2010-11-14,Ăn sáng,"3,500",Bánh mì,0,,,,
2010-11-14,Gửi xe,"2,000",,0,,,,
2010-11-15,Linh tinh,"20,000",In phúc trình,0,,,,
2010-11-15,Ăn trưa,"8,000",,0,,,,
2010-11-15,Đổ xăng,"30,000",,0,,,,
2010-11-17,Ăn sáng,"5,000",Bánh mì,0,,,,
2010-11-17,Gửi xe,"1,000",Trường SPKT,0,,,,
2010-11-17,Gửi xe,"2,000",Nhà máy nước,0,,,,
2010-11-17,Linh tinh,"55,000","Liên hoan TTSP (Đưa 80000, Thiện đưa lại 25000 vào ngày 8/12)",0,,,,
2010-11-18,Đổ xăng,"30,000",,0,,,,
2010-11-18,Gửi xe,"3,000",eTown,0,,,,
2010-11-22,Đổ xăng,"30,000",,0,,,,
2010-11-22,Ăn sáng,"13,000",,0,,,,
2010-11-22,Linh tinh,"2,000",In bảng điểm,0,,,,
2010-11-22,Gửi xe,"1,000",,0,,,,
2010-11-23,Gửi xe,"3,000",,0,,,,
2010-11-24,Đổ xăng,"30,000",,0,,,,
2010-11-24,Linh tinh,"3,000",Hồ sơ xin việc,0,,,,
2010-11-24,Gửi xe,"1,000",,0,,,,
2010-11-26,Thu,"-200,000",Chị Hai cho,0,,,,
2010-11-27,Cho,"20,000",Chị Hai,0,,,,
2010-11-28,Nhậu,"201,000",,0,,,,
2010-11-29,Đổ xăng,"30,000",,0,,,,
2010-11-29,Linh tinh,"15,000",Chè,0,,,,
2010-11-30,Linh tinh,"20,000",Thối tiền tủ tivi,0,,,,
2010-11-30,Ăn tối,"6,000",Bánh mì,0,,,,
2010-12-01,Gửi xe,"1,000",,0,,,,
2010-12-01,Linh tinh,"5,500",Nước tương,0,,,,
2010-12-02,Ăn sáng,"4,000",Bánh mì,0,,,,
2010-12-05,Đổ xăng,"20,000",,0,,,,
2010-12-08,Ăn sáng,"5,000",Bánh mì,0,,,,
2010-12-08,Linh tinh,"67,500",Bảo hiểm xe máy,0,,,,
2010-12-08,Gửi xe,"1,000",,0,,,,
2010-12-08,Đổ xăng,"30,000",,0,,,,
2010-12-11,Gửi xe,"1,000",,0,,,,
2010-12-11,Hớt tóc,"16,000",,0,,,,
2010-12-14,Thu,"-10,000",Tiền ăn sáng dư,0,,,,
2010-12-14,Linh tinh,"1,000",Photo giấy tờ cho Hai ,0,,,,
2010-12-15,Ăn sáng,"7,000",Bánh mì,0,,,,
2010-12-15,Đổ xăng,"30,000",,0,,,,
2010-12-15,Gửi xe,"1,000",,0,,,,
2010-12-16,Linh tinh,"37,000",Nước,0,,,,
2010-12-16,Thu,"-500,000","Hai đưa để đóng tiền nước, điện, internet",0,,,,
2010-12-17,Ăn sáng,"30,000",,0,,,,
2010-12-17,Linh tinh,"440,000",Internet,0,,,,
2010-12-17,Linh tinh,"30,000",Dầu gội,0,,,,
2010-12-18,Ăn sáng,"15,000",,0,,,,
2010-12-18,Linh tinh,"17,000",Nhang muỗi,0,,,,
2010-12-18,Gửi xe,"1,000",,0,,,,
2010-12-18,Thay nhớt,"72,000",,0,,,,
2010-12-19,Đổ xăng,"30,000",,0,,,,
2010-12-19,Nhậu,"70,000",Phong + Lai,0,,,,
2010-12-20,Ăn sáng,"7,000",Bánh mì,0,,,,
2010-12-20,Gửi xe,"1,000",,0,,,,
2010-12-20,Rút tài khoản,"-1,000,000",,0,,,,
2010-12-20,Linh tinh,"38,000",Điện,0,,,,
2010-12-21,Ăn sáng,"15,000",,0,,,,
2010-12-22,Rút tài khoản,"-5,280,000",,0,,,,
2010-12-22,Ăn sáng,"7,000",Bánh mì,0,,,,
2010-12-22,Đổ xăng,"30,000",,0,,,,
2010-12-23,Ăn sáng,"7,000",Bánh mì,0,,,,
2010-12-23,Linh tinh,"5,500,000",Gửi tài khoản,0,,,,
2010-12-23,Ăn trưa,"17,000",,0,,,,
2010-12-23,Linh tinh,"128,000",1 thùng mì gói,0,,,,
2010-12-24,Ăn sáng,"10,000",Hủ tiếu bò kho,0,,,,
2010-12-24,Linh tinh,"10,000",Sửa xe,0,,,,
2010-12-25,Linh tinh,"19,000",Sinh tố cùng tụi bạn 061,0,,,,
2010-12-25,Linh tinh,"12,000",Xe buýt,0,,,,
2010-12-26,Gửi xe,"4,000",2 lần,0,,,,
2010-12-26,Đổ xăng,"30,000",,0,,,,
2010-12-27,Ăn sáng,"10,000",Bánh cuốn,0,,,,
2010-12-27,Linh tinh,"6,000",In bảng điểm,0,,,,
2010-12-27,Gửi xe,"1,000",,0,,,,
2010-12-27,Ăn trưa,"17,000",,0,,,,
2010-12-27,Linh tinh,"64,000",Sinh tố (Thăm cô Minh),0,,,,
2010-12-27,Linh tinh,"190,000",Dây đàn,0,,,,
2010-12-27,Đổ xăng,"30,000",,0,,,,
2010-12-28,Gửi xe,"1,000",,0,,,,
2010-12-28,Linh tinh,"6,000",Hủ tiếu,0,,,,
2010-12-29,Ăn sáng,"7,000",Bánh mì,0,,,,
2010-12-29,Linh tinh,"12,000",Thuốc cảm,0,,,,
2010-12-30,Ăn sáng,"10,000",Bánh cuốn,0,,,,
2010-12-30,Linh tinh,"26,000",Giấy vệ sinh,0,,,,
2010-12-31,Linh tinh,"6,000",Xe buýt,0,,,,
2010-12-31,Linh tinh,"12,000",Hủ tiếu,0,,,,
2010-12-31,Thu,"-100,000",Anh Chiến đưa,0,,,,
2010-12-31,Linh tinh,"20,000",Mua đồ sửa nhà,0,,,,
2011-01-02,Linh tinh,"8,000",Xe buýt,0,,,,
2011-01-02,Rút tài khoản,"-500,000",,0,,,,
2011-01-02,Linh tinh,"190,000",Vé xe,0,,,,
2011-01-02,Gửi xe,"3,000",,0,,,,
2011-01-02,Linh tinh,"30,000",Rác,0,,,,
2011-01-03,Ăn sáng,"10,000",Bánh cuốn,0,,,,
2011-01-03,Linh tinh,"48,000",Đĩa trắng,0,,,,
2011-01-04,Ăn sáng,"7,000",Bánh mì,0,,,,
2011-01-04,Gửi xe,"1,000",,0,,,,
2011-01-04,Đổ xăng,"30,000",,0,,,,
2011-01-05,Ăn sáng,"7,000",Bánh mì,0,,,,
2011-01-05,Gửi xe,"3,000",eTown,0,,,,
2011-01-06,Ăn sáng,"7,000",Bánh mì,0,,,,
2011-01-07,Đổ xăng,"30,000",,0,,,,
2011-01-07,Ăn sáng,"7,000",Bánh mì,0,,,,
2011-01-07,Gửi xe,"1,000",,0,,,,
2011-01-08,Linh tinh,"7,000",Bút ghi nhãn đĩa,0,,,,
2011-01-09,Linh tinh,"20,000",Phí băng rôn và nước cho bảo vệ tốt nghiệp,0,,,,
2011-01-09,Gửi xe,"2,000",,0,,,,
2011-01-10,Ăn sáng,"7,000",Bánh mì,0,,,,
2011-01-10,Gửi xe,"1,000",,0,,,,
2011-01-11,Ăn sáng,"10,000",Bánh cuốn,0,,,,
2011-01-11,Ăn trưa,"17,000",,0,,,,
2011-01-12,Ăn sáng,"12,000",Bánh cuốn,0,,,,
2011-01-12,Đổ xăng,"30,000",,0,,,,
2011-01-12,Linh tinh,"1,000",Bơm xe,0,,,,
2011-01-12,Gửi xe,"3,000",Gameloft,0,,,,
2011-01-12,Linh tinh,"2,000",Mẫu sơ yếu lý lịch,0,,,,
2011-01-13,Linh tinh,"3,000","Photo hộ khẩu, chứng minh",0,,,,
2011-01-13,Gửi xe,"6,000",UB Phường Phước Bình,0,,,,
2011-01-13,Gửi xe,"2,000",Nhà máy nước,0,,,,
2011-01-13,Linh tinh,"46,500",Tiền nước,0,,,,
2011-01-13,Linh tinh,"25,000",Công chứng giấy tờ,0,,,,
2011-01-13,Thu,"-50,000",Hai đưa (tiền nước),0,,,,
2011-01-14,Ăn sáng,"6,000",Bánh mì,0,,,,
2011-01-14,Đổ xăng,"30,000",,0,,,,
2011-01-14,Gửi xe,"1,000",,0,,,,
2011-01-14,Rút tài khoản,"-600,000",,0,,,,
2011-01-14,Linh tinh,"340,000",In báo cáo tốt nghiệp,0,,,,
2011-01-14,Nhậu,"35,000",,0,,,,
2011-01-15,Ăn sáng,"10,000",Bánh cuốn,0,,,,
2011-01-15,Gửi xe,"1,000",,0,,,,
2011-01-15,Linh tinh,"40,000",Karaoke,0,,,,
2011-01-15,Linh tinh,"10,000",Liên hoan,0,,,,
2011-01-15,Linh tinh,"1,000",Bơm xe,0,,,,
2011-01-16,Linh tinh,"4,000",Xe buýt,0,,,,
2011-01-16,Nhậu,"100,000",,0,,,,
2011-01-16,Nhậu,"40,000",,0,,,,
2011-01-17,Đổ xăng,"30,000",,0,,,,
2011-01-17,Ăn sáng,"7,000",,0,,,,
2011-01-17,Linh tinh,"560,000",Giày,0,,,,
2011-01-17,Linh tinh,"24,000",Xi đánh giày,0,,,,
2011-01-18,Linh tinh,"7,000",Bánh bao,0,,,,
2011-01-18,Linh tinh,"24,000",Thuốc cảm + say tàu xe,0,,,,
2011-01-19,Linh tinh,"1,000",Photo bằng 12,0,,,,
2011-01-19,Đổ xăng,"20,000",,0,,,,
2011-01-19,Rút tài khoản,"-1,000,000",,0,,,,
2011-01-19,Linh tinh,"1,000",Đi vệ sinh,0,,,,
2011-01-21,Linh tinh,"2,000",Ăn chè,0,,,,
2011-01-25,Hớt tóc,"12,000",,0,,,,
2011-01-25,Nhậu,"40,000",,0,,,,
2011-01-25,Cà phê,"10,000",,0,,,,
2011-02-04,Linh tinh,"61,500",Họp lớp 12A,0,,,,
2011-02-05,Ăn sáng,"14,000",,0,,,,
2011-02-05,Linh tinh,"65,000",Họp lớp QN,0,,,,
2011-02-06,Thu,"-970,000",Má cho,0,,,,
2011-02-06,Ăn tối,"30,000",,0,,,,
2011-02-07,Ăn sáng,"14,000",,0,,,,
2011-02-07,Đổ xăng,"30,000",,0,,,,
2011-02-07,Ăn tối,"20,000",,0,,,,
2011-02-08,Ăn sáng,"12,000",,0,,,,
2011-02-08,Ăn trưa,"4,000",Bánh mì,0,,,,
2011-02-08,Linh tinh,"30,000",Dầu gội,0,,,,
2011-02-08,Linh tinh,"5,000",Sửa xe (Tăng xên + Bơm),0,,,,
2011-02-08,Ăn tối,"19,000",,0,,,,
2011-02-09,Ăn sáng,"14,000",,0,,,,
2011-02-09,Ăn trưa,"13,000",,0,,,,
2011-02-09,Ăn tối,"23,000",,0,,,,
2011-02-09,Linh tinh,"20,000",Vé số,0,,,,
2011-02-09,Linh tinh,"135,000",Mì gói,0,,,,
2011-02-09,Linh tinh,"21,000",Trứng,0,,,,
2011-02-09,Linh tinh,"6,000",Nhang muỗi,0,,,,
2011-02-10,Ăn sáng,"17,000",Phở,0,,,,
2011-02-10,Ăn trưa,"15,000",,0,,,,
2011-02-10,Ăn tối,"23,000",,0,,,,
2011-02-11,Ăn sáng,"14,000",,0,,,,
2011-02-11,Đổ xăng,"30,000",,0,,,,
2011-02-11,Gửi xe,"3,000",,0,,,,
2011-02-11,Ăn trưa,"15,000",,0,,,,
2011-02-11,Thu tiền mượn,"-1,500,000",Linh,0,,,,
2011-02-11,Nhậu,"50,000",,0,,,,
2011-02-12,Ăn sáng,"15,000",,0,,,,
2011-02-12,Gửi xe,"3,000",Trường SPKT + Siêu thị,0,,,,
2011-02-12,Ăn trưa,"17,000",,0,,,,
2011-02-12,Ăn tối,"14,000",,0,,,,
2011-02-13,Linh tinh,"51,000",Socola,0,,,,
2011-02-13,Đổ xăng,"30,000",,0,,,,
2011-02-13,Ăn trưa,"4,000",Bánh mì,0,,,,
2011-02-13,Linh tinh,"10,000",Tất,0,,,,
2011-02-14,Ăn sáng,"14,000",,0,,,,
2011-02-14,Gửi xe,"3,000",,0,,,,
2011-02-14,Ăn trưa,"13,000",,0,,,,
2011-02-14,Ăn tối,"50,000",Với Mỹ,0,,,,
2011-02-15,Ăn sáng,"15,000",,0,,,,
2011-02-15,Đổ xăng,"30,000",,0,,,,
2011-02-15,Ăn trưa,"13,000",,0,,,,
2011-02-16,Ăn sáng,"12,000",,0,,,,
2011-02-16,Gửi xe,"1,000",,0,,,,
2011-02-16,Đổ xăng,"30,000",,0,,,,
2011-02-16,Linh tinh,"8,000",Kem đánh răng,0,,,,
2011-02-17,Ăn sáng,"14,000",,0,,,,
2011-02-17,Ăn trưa,"13,000",,0,,,,
2011-02-18,Ăn sáng,"15,000",,0,,,,
2011-02-18,Ăn trưa,"15,000",,0,,,,
2011-02-19,Ăn sáng,"7,000",,0,,,,
2011-02-19,Đổ xăng,"30,000",,0,,,,
2011-02-19,Linh tinh,"6,000",Tuốc-nơ-vuýt,0,,,,
2011-02-19,Linh tinh,500,Photo giấy tờ cho Hai ,0,,,,
2011-02-20,Ăn sáng,"8,000",,0,,,,
2011-02-21,Ăn sáng,"14,000",,0,,,,
2011-02-21,Ăn trưa,"13,500",Cho Dư 500,0,,,,
2011-02-21,Đổ xăng,"40,000",,0,,,,
2011-02-22,Ăn sáng,"15,000",,0,,,,
2011-02-22,Ăn trưa,"13,000",,0,,,,
2011-02-22,Linh tinh,"600,000",Sửa máy tính,0,,,,
2011-02-23,Ăn sáng,"14,000",,0,,,,
2011-02-23,Ăn trưa,"13,000",,0,,,,
2011-02-24,Ăn sáng,"14,000",,0,,,,
2011-02-24,Ăn trưa,"13,000",,0,,,,
2011-02-24,Đổ xăng,"40,000",,0,,,,
2011-02-25,Ăn sáng,"14,000",,0,,,,
2011-02-25,Ăn trưa,"13,000",,0,,,,
2011-02-25,Linh tinh,"13,000",Thuốc,0,,,,
2011-02-26,Ăn sáng,"10,000",,0,,,,
2011-02-26,Thay nhớt,"69,000",+ Bơm xe,0,,,,
2011-02-27,Ăn sáng,"8,000",,0,,,,
2011-02-27,Linh tinh,"100,000",Họp lớp,0,,,,
2011-02-27,Đổ xăng,"40,000",,0,,,,
2011-02-27,Linh tinh,"6,000",Đánh bài,0,,,,
2011-02-27,Linh tinh,"16,000",Thuốc,0,,,,
2011-02-28,Ăn sáng,"15,000",,0,,,,
2011-02-28,Ăn trưa,"15,000",,0,,,,
2011-03-01,Ăn sáng,"15,000",,0,,,,
2011-03-01,Ăn trưa,"13,000",,0,,,,
2011-03-01,Đổ xăng,"40,000",,0,,,,
2011-03-02,Ăn sáng,"15,000",,0,,,,
2011-03-02,Ăn trưa,"15,000",,0,,,,
2011-03-02,Gửi xe,"3,000",,0,,,,
2011-03-02,Linh tinh,"36,000",Nước uống,0,,,,
2011-03-03,Ăn sáng,"26,000",,0,,,,
2011-03-03,Ăn trưa,"13,000",,0,,,,
2011-03-04,Ăn sáng,"14,000",,0,,,,
2011-03-04,Ăn trưa,"15,000",,0,,,,
2011-03-05,Ăn sáng,"7,000",,0,,,,
2011-03-05,Đổ xăng,"40,000",,0,,,,
2011-03-05,Nhậu,"150,000",,0,,,,
2011-03-05,Linh tinh,"17,000",Trà sữa,0,,,,
2011-03-05,Cho,"2,000",Thu,0,,,,
2011-03-06,Ăn sáng,"10,000",,0,,,,
2011-03-07,Ăn sáng,"15,000",,0,,,,
2011-03-07,Linh tinh,"30,000",Vé số,0,,,,
2011-03-07,Ăn trưa,"13,000",,0,,,,
2011-03-07,Nhậu,"80,000",,0,,,,
2011-03-07,Rút tài khoản,"-700,000",,0,,,,
2011-03-08,Ăn sáng,"14,000",,0,,,,
2011-03-08,Linh tinh,"57,000",Khoai tây chiên cho trainee team,0,,,,
2011-03-08,Linh tinh,"28,000",Hoa lưu niệm cho Châu,0,,,,
2011-03-08,Ăn trưa,"15,000",,0,,,,
2011-03-08,Đổ xăng,"40,000",,0,,,,
2011-03-09,Ăn sáng,"14,000",,0,,,,
2011-03-09,Ăn trưa,"13,000",,0,,,,
2011-03-09,Linh tinh,"20,000",Bánh xèo,0,,,,
2011-03-10,Ăn sáng,"15,000",,0,,,,
2011-03-10,Ăn trưa,"13,000",,0,,,,
2011-03-10,Linh tinh,"5,000",Trái cây,0,,,,
2011-03-11,Ăn sáng,"14,000",,0,,,,
2011-03-11,Đổ xăng,"40,000",,0,,,,
2011-03-11,Ăn trưa,"13,000",,0,,,,
2011-03-12,Ăn sáng,"40,000",,0,,,,
2011-03-12,Linh tinh,"220,000",Internet,0,,,,
2011-03-12,Hớt tóc,"18,000",,0,,,,
2011-03-12,Linh tinh,"5,000",Nước suối,0,,,,
2011-03-12,Linh tinh,"1,000",Bù tiền thuốc cho ba,0,,,,
2011-03-12,Thu,"-1,000,000",Ba cho,0,,,,
2011-03-12,Rút tài khoản,"-2,500,000",,0,,,,
2011-03-12,Cho,"3,000,000",Chị Hai,0,,,,
2011-03-13,Linh tinh,"16,000",Nước ngọt,0,,,,
2011-03-13,Linh tinh,"10,000",Đá lạnh,0,,,,
2011-03-14,Ăn sáng,"28,000",,0,,,,
2011-03-14,Đổ xăng,"40,000",,0,,,,
2011-03-14,Ăn trưa,"13,000",,0,,,,
2011-03-14,Nhậu,"350,000",,0,,,,
2011-03-15,Ăn sáng,"7,000",,0,,,,
2011-03-15,Ăn trưa,"15,000",,0,,,,
2011-03-15,Nhậu,"100,000",,0,,,,
2011-03-15,Linh tinh,"10,000",Vé số,0,,,,
2011-03-16,Ăn sáng,"14,000",,0,,,,
2011-03-16,Đổ xăng,"20,000",,0,,,,
2011-03-16,Thu,"-100,000",Nhân cho,0,,,,
2011-03-16,Ăn trưa,"13,000",,0,,,,
2011-03-16,Mượn,"-500,000",Trang,0,,,,
2011-03-17,Ăn sáng,"10,000",,0,,,,
2011-03-17,Đổ xăng,"40,000",,0,,,,
2011-03-17,Ăn trưa,"15,000",,0,,,,
2011-03-18,Ăn sáng,"16,000",,0,,,,
2011-03-18,Ăn trưa,"13,000",,0,,,,
2011-03-18,Mượn,"-500,000",Tín,0,,,,
2011-03-18,Nhậu,"241,000",,0,,,,
2011-03-19,Đổ xăng,"40,000",,0,,,,
2011-03-19,Gửi xe,"3,000",Chùa Phổ Quang,0,,,,
2011-03-19,Linh tinh,"29,000",Kem,0,,,,
2011-03-19,Nhậu,"15,000",,0,,,,
2011-03-20,Đổ xăng,"40,000",,0,,,,
2011-03-20,Ăn sáng,"10,000",,0,,,,
2011-03-20,Linh tinh,"15,000",Cắt chìa khóa,0,,,,
2011-03-21,Ăn sáng,"14,000",,0,,,,
2011-03-21,Cho,"250,000",Ủng hộ Nhân,0,,,,
2011-03-21,Ăn trưa,"17,000",,0,,,,
2011-03-21,Đổ xăng,"40,000",,0,,,,
2011-03-22,Ăn sáng,"7,000",,0,,,,
2011-03-22,Ăn trưa,"13,000",,0,,,,
2011-03-23,Ăn sáng,"7,000",,0,,,,
2011-03-23,Linh tinh,"2,000",Bơm xe,0,,,,
2011-03-23,Ăn trưa,"13,000",,0,,,,
2011-03-23,Thất thoát,"39,000",,0,,,,
2011-03-24,Ăn sáng,"10,000",,0,,,,
2011-03-24,Đổ xăng,"40,000",,0,,,,
2011-03-24,Ăn trưa,"13,000",,0,,,,
2011-03-24,Linh tinh,"35,000",Nón bảo hiểm,0,,,,
2011-03-25,Ăn sáng,"14,000",,0,,,,
2011-03-25,Ăn trưa,"13,000",,0,,,,
2011-03-25,Mượn,"-500,000",Trang,0,,,,
2011-03-26,Linh tinh,"5,000",Cắt chìa khóa,0,,,,
2011-03-26,Đổ xăng,"20,000",,0,,,,
2011-03-26,Linh tinh,"15,000",Hủ tiếu,0,,,,
2011-03-26,Linh tinh,"6,000",Nhang muỗi,0,,,,
2011-03-27,Cà phê,"16,000",,0,,,,
2011-03-27,Đổ xăng,"40,000",,0,,,,
2011-03-28,Ăn sáng,"17,000",,0,,,,
2011-03-28,Ăn trưa,"13,000",,0,,,,
2011-03-29,Ăn sáng,"15,000",,0,,,,
2011-03-29,Ăn trưa,"13,000",,0,,,,
2011-03-29,Đổ xăng,"20,000",,0,,,,
2011-03-30,Ăn sáng,"16,000",,0,,,,
2011-03-30,Ăn trưa,"13,000",,0,,,,
2011-03-31,Ăn sáng,"17,000",,0,,,,
2011-03-31,Linh tinh,"20,000",Vé số,0,,,,
2011-03-31,Gửi xe,"1,000",,0,,,,
2011-03-31,Ăn trưa,"13,000",,0,,,,
2011-03-31,Đổ xăng,"40,000",,0,,,,
2011-04-01,Ăn sáng,"28,000",,0,,,,
2011-04-01,Linh tinh,"20,000",Hamburger,0,,,,
2011-04-01,Ăn trưa,"13,000",,0,,,,
2011-04-01,Linh tinh,"25,000",Thau,0,,,,
2011-04-01,Gửi xe,"3,000",,0,,,,
2011-04-02,Ăn sáng,"10,000",,0,,,,
2011-04-02,Linh tinh,"3,000",Báo,0,,,,
2011-04-02,Linh tinh,"3,000",Pin,0,,,,
2011-04-02,Thất thoát,"6,000",,0,,,,
2011-04-03,Gửi xe,"4,000",Nhà thiếu nhi Q2 + BV Từ Dũ,0,,,,
2011-04-03,Đổ xăng,"40,000",,0,,,,
2011-04-04,Ăn trưa,"13,000",,0,,,,
2011-04-04,Linh tinh,"10,000",Hamburger,0,,,,
2011-04-04,Gửi xe,"2,000",,0,,,,
2011-04-04,Thu,"-270,000",Má đưa,0,,,,
2011-04-05,Ăn sáng,"17,000",,0,,,,
2011-04-05,Ăn trưa,"13,000",,0,,,,
2011-04-05,Đổ xăng,"40,000",,0,,,,
2011-04-06,Ăn sáng,"15,000",,0,,,,
2011-04-06,Thu,"-190,000",Trúng số,0,,,,
2011-04-06,Linh tinh,"20,000",Vé số,0,,,,
2011-04-06,Ăn trưa,"13,000",,0,,,,
2011-04-07,Ăn sáng,"15,000",,0,,,,
2011-04-07,Ăn trưa,"13,000",,0,,,,
2011-04-07,Linh tinh,"5,000",Trái cây,0,,,,
2011-04-07,Rút tài khoản,"-1,700,000",,0,,,,
2011-04-07,Linh tinh,"44,500",Sữa,0,,,,
2011-04-07,Đổ xăng,"40,000",,0,,,,
2011-04-07,Linh tinh,"45,000",Hủ tiếu,0,,,,
2011-04-08,Ăn sáng,"17,000",,0,,,,
2011-04-08,Trả nợ,"500,000",Tín,0,,,,
2011-04-08,Ăn trưa,"13,000",,0,,,,
2011-04-08,Nhậu,"140,000",Sinh nhật các bạn Gameloft tháng 4,0,,,,
2011-04-09,Ăn sáng,"30,000",,0,,,,
2011-04-10,Ăn sáng,"12,000",,0,,,,
2011-04-10,Linh tinh,"80,500","Đồ dùng (Mì tôm, dầu gội, kem & bót đánh răng, bánh kẹo)",0,,,,
2011-04-10,Linh tinh,"205,500",Internet,0,,,,
2011-04-10,Gửi xe,"2,000",,0,,,,
2011-04-10,Thay nhớt,"72,000",,0,,,,
2011-04-10,Cho,"5,000",Ông thổi sáo trước siêu thị Co-op Mark,0,,,,
2011-04-11,Ăn sáng,"15,000",,0,,,,
2011-04-11,Đổ xăng,"40,000",,0,,,,
2011-04-11,Ăn trưa,"15,000",,0,,,,
2011-04-11,Thu,"-100,000",Quà sinh nhật các bạn ở Gameloft,0,,,,
2011-04-11,Thất thoát,"3,000",,0,,,,
2011-04-11,Cho mượn,"900,000",Nhân,0,,,,
2011-04-11,Linh tinh,"20,000","Bánh bao (Cho Trúc, Mỹ (đánh bóng bàn))",0,,,,
2011-04-11,Gửi xe,"5,000",Nhà thi đấu Phú Thọ + quán nhậu,0,,,,
2011-04-11,Nhậu,"100,000",+ cafe,0,,,,
2011-04-12,Thu tiền mượn,"-1,100,000","Phong (còn lại 700,000)",0,,,,
2011-04-13,Ăn sáng,"17,000",,0,,,,
2011-04-13,Ăn trưa,"13,000",,0,,,,
2011-04-13,Rút tài khoản,"-700,000",,0,,,,
2011-04-13,Trả nợ,"1,000,000",Trang,0,,,,
2011-04-13,Linh tinh,"100,000",Bị phạt chạy sai làn đường,0,,,,
2011-04-14,Ăn sáng,"10,000",,0,,,,
2011-04-14,Đổ xăng,"40,000",,0,,,,
2011-04-14,Ăn trưa,"15,000",,0,,,,
2011-04-15,Ăn sáng,"15,000",,0,,,,
2011-04-15,Ăn trưa,"15,000",,0,,,,
2011-04-15,Rút tài khoản,"-2,400,000",,0,,,,
2011-04-16,Cho mượn,"2,000,000",Chị Hai,0,,,,
2011-04-16,Cho,"100,000",Chị Hai (đưa lộn),0,,,,
2011-04-16,Linh tinh,"20,000",Hot Dog,0,,,,
2011-04-16,Linh tinh,"35,000",Bóng bàn,0,,,,
2011-04-16,Gửi xe,"2,000",,0,,,,
2011-04-16,Linh tinh,"32,000",Nước mía,0,,,,
2011-04-16,Đổ xăng,"40,000",,0,,,,
2011-04-17,Linh tinh,"2,000",Chewingum,0,,,,
2011-04-17,Linh tinh,"220,000",Xem phim cùng Trúc và các bạn Gameloft,0,,,,
2011-04-17,Linh tinh,"68,000",Bỏng ngô,0,,,,
2011-04-17,Gửi xe,"3,000",,0,,,,
2011-04-17,Cà phê,"50,000",Gameloft + CG,0,,,,
2011-04-18,Ăn sáng,"18,000",,0,,,,
2011-04-18,Ăn trưa,"13,000",,0,,,,
2011-04-18,Đổ xăng,"40,000",,0,,,,
2011-04-19,Linh tinh,"40,000",Thuốc,0,,,,
2011-04-19,Ăn sáng,"13,000",,0,,,,
2011-04-19,Ăn trưa,"15,000",,0,,,,
2011-04-20,Ăn sáng,"10,000",,0,,,,
2011-04-20,Ăn trưa,"15,000",,0,,,,
2011-04-21,Ăn sáng,"18,000",,0,,,,
2011-04-21,Đổ xăng,"40,000",,0,,,,
2011-04-21,Ăn trưa,"13,000",,0,,,,
2011-04-21,Linh tinh,"13,000",Thuốc,0,,,,
2011-04-21,Linh tinh,"9,000",Kẹo cho Minh Quốc + Hải Triều,0,,,,
2011-04-22,Thu tiền mượn,"-2,000,000",Chị Hai,0,,,,
2011-04-22,Ăn sáng,"16,000",,0,,,,
2011-04-22,Ăn trưa,"15,000",,0,,,,
2011-04-23,Ăn sáng,"7,000",,0,,,,
2011-04-23,Linh tinh,"13,000",Thuốc,0,,,,
2011-04-23,Đổ xăng,"30,000",,0,,,,
2011-04-24,Ăn sáng,"7,000",,0,,,,
2011-04-24,Linh tinh,"3,500",Báo,0,,,,
2011-04-24,Cà phê,"40,000",Offline Vietguitar,0,,,,
2011-04-24,Linh tinh,"100,000",Mắt kiếng,0,,,,
2011-04-25,Ăn sáng,"18,000",,0,,,,
2011-04-25,Linh tinh,"44,000",Sữa,0,,,,
2011-04-25,Ăn trưa,"13,000",,0,,,,
2011-04-25,Nhậu,"80,000",Trả cho Hiếu,0,,,,
2011-04-26,Ăn sáng,"14,000",,0,,,,
2011-04-26,Đổ xăng,"50,000",,0,,,,
2011-04-26,Ăn trưa,"13,000",,0,,,,
2011-04-26,Cho mượn,"600,000",Chị Hai,0,,,,
2011-04-26,Thu tiền mượn,"-600,000",Chị Hai,0,,,,
2011-04-27,Ăn sáng,"14,000",,0,,,,
2011-04-27,Ăn trưa,"13,000",,0,,,,
2011-04-27,Linh tinh,"10,000",Hamburger,0,,,,
2011-04-27,Gửi xe,"2,000",,0,,,,
2011-04-27,Linh tinh,"12,000",Nước mía (Đánh bóng bàn với X.Thịnh),0,,,,
2011-04-27,Linh tinh,"40,000",Mì gói,0,,,,
2011-04-28,Ăn sáng,"18,000",,0,,,,
2011-04-28,Ăn trưa,"15,000",,0,,,,
2011-04-28,Linh tinh,"10,000",Bánh mì,0,,,,
2011-04-28,Linh tinh,"28,000",Phồng tôm cho Hai,0,,,,
2011-04-29,Đổ xăng,"50,000",,0,,,,
2011-04-29,Ăn sáng,"18,000",,0,,,,
2011-04-29,Linh tinh,"20,000",Vé số,0,,,,
2011-04-29,Ăn trưa,"15,000",,0,,,,
2011-04-29,Thu,"-177,000",Ai đó đưa,0,,,,
2011-04-30,Linh tinh,"11,000",Đá lạnh,0,,,,
2011-04-30,Linh tinh,"89,000",Xôi,0,,,,
2011-04-30,Gửi xe,"2,000",,0,,,,
2011-05-01,Linh tinh,"390,000",Bình ga,0,,,,
2011-05-01,Nhậu,"100,000",Gia đình 12A tại nhà Q9,0,,,,
2011-05-01,Linh tinh,"75,000",Hủ tiếu,0,,,,
2011-05-02,Thu,"-100,000",A. Chiến đưa,0,,,,
2011-05-02,Ăn sáng,"21,000",3 bánh mì ko + hộp cơm tấm,0,,,,
2011-05-02,Đổ xăng,"50,000",,0,,,,
2011-05-02,Linh tinh,"30,000",Nước mía,0,,,,
2011-05-03,Ăn sáng,"10,000",,0,,,,
2011-05-03,Linh tinh,"11,000",Trà sữa,0,,,,
2011-05-04,Ăn sáng,"20,000",,0,,,,
2011-05-04,Ăn trưa,"16,000",Bánh mì,0,,,,
2011-05-04,Đổ xăng,"50,000",,0,,,,
2011-05-05,Ăn sáng,"15,000",,0,,,,
2011-05-05,Ăn trưa,"13,000",,0,,,,
2011-05-06,Ăn sáng,"25,000",,0,,,,
2011-05-06,Ăn trưa,"13,000",,0,,,,
2011-05-06,Thu tiền mượn,"-900,000",Nhân,0,,,,
2011-05-07,Cho mượn,"1,000,000",Văn Dũng,0,,,,
2011-05-07,Linh tinh,"36,000","Ăn uống với Thu, Nghĩa...",0,,,,
2011-05-07,Linh tinh,"230,000",Áo thun,0,,,,
2011-05-07,Linh tinh,"19,000",Trà sữa với Thu,0,,,,
2011-05-07,Rút tài khoản,"-5,300,000",,0,,,,
2011-05-07,Gửi xe,"1,000",,0,,,,
2011-05-07,Linh tinh,"122,000","Sửa xe: Thay bố thắng, phốt",0,,,,
2011-05-07,Linh tinh,"15,000",Rửa xe,0,,,,
2011-05-07,Linh tinh,"28,000",Cắt chìa khóa,0,,,,
2011-05-08,Ăn sáng,"15,000",,0,,,,
2011-05-08,Đổ xăng,"30,000",,0,,,,
2011-05-09,Ăn sáng,"18,000",,0,,,,
2011-05-09,Linh tinh,"4,500,000",Gửi tài khoản,0,,,,
2011-05-09,Ăn trưa,"15,000",,0,,,,
2011-05-09,Thất thoát,"2,000",,0,,,,
2011-05-10,Ăn sáng,"15,000",,0,,,,
2011-05-10,Đổ xăng,"50,000",,0,,,,
2011-05-10,Ăn trưa,"15,000",,0,,,,
2011-05-10,Gửi xe,"3,000",,0,,,,
2011-05-10,Linh tinh,"50,000",Cháo (3 bọc cho mình + a. Chiến + c. Hai),0,,,,
2011-05-11,Ăn sáng,"18,000",,0,,,,
2011-05-11,Ăn trưa,"13,000",,0,,,,
2011-05-11,Rút tài khoản,"-2,000,000",,0,,,,
2011-05-11,Linh tinh,"539,000",Điện thoại cho ba,0,,,,
2011-05-11,Linh tinh,"150,000",Sim cho ba,0,,,,
2011-05-11,Hớt tóc,"25,000",,0,,,,
2011-05-12,Ăn sáng,"18,000",,0,,,,
2011-05-12,Linh tinh,"10,000",Cắt chìa khóa,0,,,,
2011-05-12,Ăn trưa,"13,000",,0,,,,
2011-05-12,Đổ xăng,"50,000",,0,,,,
2011-05-12,Gửi xe,"3,000",,0,,,,
2011-05-13,Thu,"-1,550,000",Lãnh học bổng,0,,,,
2011-05-13,Gửi xe,"1,000",,0,,,,
2011-05-13,Ăn sáng,"10,000",,0,,,,
2011-05-13,Ăn trưa,"13,000",,0,,,,
2011-05-13,Linh tinh,"5,000",Áo mưa,0,,,,
2011-05-13,Linh tinh,"1,124,000",Sữa cho Kiên,0,,,,
2011-05-13,Linh tinh,"250,000",Vé xe,0,,,,
2011-05-15,Ăn sáng,"18,000",,0,,,,
2011-05-16,Linh tinh,"22,000",Phí chuyển khoản cho Hai,0,,,,
2011-05-16,Linh tinh,"38,000",Bột chiên cho má,0,,,,
2011-05-17,Thu,"-1,125,000",Chị Nghĩa trả tiền sữa,0,,,,
2011-05-17,Linh tinh,"200,000",Vé xe Hải Lài,0,,,,
2011-05-17,Cho,"2,000",Bà già ở quán ăn lúc vô SG,0,,,,
2011-05-18,Ăn sáng,"15,000",,0,,,,
2011-05-18,Ăn trưa,"20,000",,0,,,,
2011-05-19,Ăn sáng,"15,000",,0,,,,
2011-05-19,Đổ xăng,"50,000",,0,,,,
2011-05-19,Ăn trưa,"13,000",,0,,,,
2011-05-20,Ăn sáng,"18,000",,0,,,,
2011-05-20,Ăn trưa,"15,000",,0,,,,
2011-05-20,Cho mượn,"1,000,000",Nhân,0,,,,
2011-05-21,Cho mượn,"300,000",Thu,0,,,,
2011-05-21,Đổ xăng,"30,000",,0,,,,
2011-05-21,Ăn sáng,"10,000",,0,,,,
2011-05-21,Nhậu,"200,000",,0,,,,
2011-05-22,Cà phê,"24,000",Với Văn Dũng,0,,,,
2011-05-23,Ăn sáng,"16,000",,0,,,,
2011-05-23,Ăn trưa,"15,000",,0,,,,
2011-05-23,Rút tài khoản,"-1,000,000",,0,,,,
2011-05-23,Cho mượn,"1,000,000",Phong,0,,,,
2011-05-24,Ăn sáng,"15,000",,0,,,,
2011-05-24,Đổ xăng,"50,000",,0,,,,
2011-05-24,Ăn trưa,"26,000",+ Mua dùm anh An 13.000,0,,,,
2011-05-25,Ăn sáng,"18,000",,0,,,,
2011-05-25,Ăn trưa,"15,000",,0,,,,
2011-05-26,Ăn sáng,"6,000",,0,,,,
2011-05-26,Rút tài khoản,"-1,000,000",,0,,,,
2011-05-26,Ăn tối,"40,000",Phở xào mềm đường Nguyễn Thái Bình (never return),0,,,,
2011-05-26,Đổ xăng,"50,000",,0,,,,
2011-05-26,Mượn,"-2,000,000",Lai,0,,,,
2011-05-26,Cho mượn,"3,000,000",Chị Hai,0,,,,
2011-05-27,Ăn sáng,"16,000",,0,,,,
2011-05-27,Trả nợ,"20,000",Tiền ăn trưa hôm trước cho Huy,0,,,,
2011-05-27,Ăn trưa,"15,000",,0,,,,
2011-05-27,Thu tiền mượn,"-1,000,000",Nhân,0,,,,
2011-05-27,Ăn tối,"25,000",Mì xào ga SG,0,,,,
2011-05-27,Thu tiền mượn,"-1,000,000",Văn Dũng,0,,,,
2011-05-28,Nhậu,"80,000",Coi chung kết cúp C1,0,,,,
2011-05-29,Trả nợ,"2,000,000",Lai,0,,,,
2011-05-29,Đổ xăng,"50,000",,0,,,,
2011-05-30,Ăn sáng,"10,000",,0,,,,
2011-05-30,Ăn trưa,"13,000",,0,,,,
2011-05-30,Linh tinh,"272,000",Shopping,0,,,,
2011-05-31,Ăn sáng,"15,000",,0,,,,
2011-05-31,Ăn trưa,"13,000",,0,,,,
2011-05-31,Rút tài khoản,"-500,000",,0,,,,
2011-05-31,Cà phê,"66,000",Trúc,0,,,,
2011-06-01,Đổ xăng,"50,000",,0,,,,
2011-06-01,Ăn sáng,"18,000",,0,,,,
2011-06-01,Thu,"-8,000",Mì gói cho a.Bình,0,,,,
2011-06-01,Ăn trưa,"15,000",,0,,,,
2011-06-02,Ăn sáng,"18,000",,0,,,,
2011-06-02,Ăn trưa,"15,000",,0,,,,
2011-06-03,Ăn sáng,"18,000",,0,,,,
2011-06-03,Ăn trưa,"25,000",,0,,,,
2011-06-03,Đổ xăng,"40,000",,0,,,,
2011-06-03,Gửi xe,"3,000",,0,,,,
2011-06-03,Linh tinh,"30,000","Nước mía với Lai, Thịnh",0,,,,
2011-06-03,Linh tinh,"36,000",Bánh bao,0,,,,
2011-06-04,Ăn sáng,"18,000",,0,,,,
2011-06-05,Ăn sáng,"15,000",,0,,,,
2011-06-05,Nhậu,"130,000","Thu, Vinh",0,,,,
2011-06-06,Ăn sáng,"19,000",,0,,,,
2011-06-06,Đổ xăng,"50,000",,0,,,,
2011-06-06,Ăn trưa,"13,000",,0,,,,
2011-06-06,Rút tài khoản,"-700,000",,0,,,,
2011-06-06,Linh tinh,"90,000",Xem phim,0,,,,
2011-06-06,Linh tinh,"100,000",Đám cưới Kiều,0,,,,
2011-06-06,Cho mượn,"100,000",Lai,0,,,,
2011-06-07,Ăn sáng,"22,000",,0,,,,
2011-06-07,Ăn trưa,"15,000",,0,,,,
2011-06-07,Ăn tối,"23,000",,0,,,,
2011-06-07,Gửi xe,"3,000",Galaxy Tân Bình,0,,,,
2011-06-07,Linh tinh,"18,000",Nước ngọt,0,,,,
2011-06-08,Gửi xe,"1,000",SPKT,0,,,,
2011-06-08,Ăn sáng,"25,000",,0,,,,
2011-06-08,Ăn trưa,"13,000",,0,,,,
2011-06-09,Ăn sáng,"18,000",,0,,,,
2011-06-09,Đổ xăng,"50,000",,0,,,,
2011-06-09,Ăn trưa,"15,000",,0,,,,
2011-06-09,Nhậu,"180,000",,0,,,,
2011-06-10,Ăn sáng,"15,000",,0,,,,
2011-06-10,Ăn trưa,"15,000",,0,,,,
2011-06-10,Rút tài khoản,"-700,000",,0,,,,
2011-06-10,Linh tinh,"144,000",Headphone,0,,,,
2011-06-11,Ăn sáng,"26,000",,0,,,,
2011-06-11,Linh tinh,"20,000",Phí chụp hình lễ tốt nghiệp,0,,,,
2011-06-11,Linh tinh,"25,000",Vỏ bằng,0,,,,
2011-06-11,Linh tinh,"5,000",Mướn lễ phục (Đặt cọc 300.000. Nhận lại vào ngày 24/6),0,,,,
2011-06-11,Gửi xe,"1,000",SPKT,0,,,,
2011-06-11,Linh tinh,"2,000",Hành ngò,0,,,,
2011-06-11,Đổ xăng,"50,000",,0,,,,
2011-06-12,Cho,"100,000",Chị Hai,0,,,,
2011-06-12,Nhậu,"103,000","Bé Hân, Linh, Loan",0,,,,
2011-06-13,Ăn sáng,"6,000",,0,,,,
2011-06-13,Rút tài khoản,"-1,200,000",,0,,,,
2011-06-13,Ăn trưa,"13,000",,0,,,,
2011-06-13,Cho mượn,"500,000",Nhựt,0,,,,
2011-06-13,Linh tinh,"12,000",Thuốc,0,,,,
2011-06-14,Ăn sáng,"20,000",,0,,,,
2011-06-14,Ăn trưa,"18,000",,0,,,,
2011-06-14,Đổ xăng,"50,000",,0,,,,
2011-06-15,Ăn sáng,"15,000",,0,,,,
2011-06-15,Ăn trưa,"13,000",,0,,,,
2011-06-16,Ăn sáng,"15,000",,0,,,,
2011-06-16,Ăn trưa,"18,000",,0,,,,
2011-06-17,Đổ xăng,"40,000",,0,,,,
2011-06-17,Ăn sáng,"19,000",,0,,,,
2011-06-17,Ăn trưa,"13,000",,0,,,,
2011-06-18,Linh tinh,"14,000",Kem đánh răng,0,,,,
2011-06-19,Gửi xe,"3,000",,0,,,,
2011-06-20,Ăn sáng,"15,000",,0,,,,
2011-06-20,Ăn trưa,"13,000",,0,,,,
2011-06-20,Đổ xăng,"40,000",,0,,,,
2011-06-20,Thu tiền mượn,"-100,000",Lai,0,,,,
2011-06-20,Linh tinh,"7,500",Kẹo cho Minh Quốc,0,,,,
2011-06-21,Ăn sáng,"19,000",,0,,,,
2011-06-21,Ăn trưa,"13,000",,0,,,,
2011-06-21,Ăn tối,"34,000",Hủ tiếu (Lai),0,,,,
2011-06-21,Linh tinh,"200,000",Xem guitar,0,,,,
2011-06-21,Gửi xe,"3,000",,0,,,,
2011-06-22,Ăn trưa,"15,000",,0,,,,
2011-06-22,Linh tinh,"2,000",Sinh nhật Châu,0,,,,
2011-06-22,Rút tài khoản,"-500,000",,0,,,,
2011-06-23,Ăn sáng,"18,000",,0,,,,
2011-06-23,Linh tinh,"20,000",Vé số,0,,,,
2011-06-23,Ăn trưa,"30,000",,0,,,,
2011-06-23,Gửi xe,"1,000",,0,,,,
2011-06-23,Nhậu,"100,000",Lớp đại học (lãnh bằng),0,,,,
2011-06-23,Đổ xăng,"50,000",,0,,,,
2011-06-23,Nhậu,"150,000",Nhà (lãnh bằng),0,,,,
2011-06-24,Ăn sáng,"19,000",,0,,,,
2011-06-24,Gửi xe,"1,000",,0,,,,
2011-06-24,Nhậu,"100,000",[Vũng Tàu] Góp trước,0,,,,
2011-06-24,Cho mượn,"5,000",Anh Tuấn,0,,,,
2011-06-24,Ăn trưa,"13,000",,0,,,,
2011-06-24,Ăn tối,"17,000",,0,,,,
2011-06-24,Hớt tóc,"25,000",Ở Tân Bình,0,,,,
2011-06-24,Linh tinh,"4,000",Bàn chải đánh răng,0,,,,
2011-06-24,Gửi xe,"2,000",Chè đường Nguyễn Tri Phương,0,,,,
2011-06-25,Cho mượn,"14,000",Anh Tuấn,0,,,,
2011-06-25,Linh tinh,"55,000",[Vũng Tàu] Vòng tay 15 Móc khóa ốc 5 Móc khóa cá heo 5 Móc khóa ba lô 20 Rùa 10,0,,,,
2011-06-25,Linh tinh,"10,000",[Vũng Tàu] Taxi,0,,,,
2011-06-26,Linh tinh,"8,000",[Vũng Tàu] Xe đạp,0,,,,
2011-06-26,Linh tinh,"25,000",[Long Thành] Kẹo,0,,,,
2011-06-26,Linh tinh,"40,000",[Long Thành] Sữa,0,,,,
2011-06-27,Ăn sáng,"18,000",,0,,,,
2011-06-27,Đổ xăng,"40,000",,0,,,,
2011-06-27,Ăn trưa,"15,000",,0,,,,
2011-06-27,Thu tiền mượn,"-19,000",Anh Tuấn,0,,,,
2011-06-27,Thu,"-1,000",Anh Tuấn (đưa dư),0,,,,
2011-06-28,Ăn sáng,"16,000",,0,,,,
2011-06-28,Ăn trưa,"15,000",,0,,,,
2011-06-29,Ăn sáng,"15,000",,0,,,,
2011-06-29,Ăn trưa,"18,000",,0,,,,
2011-06-29,Rút tài khoản,"-500,000",,0,,,,
2011-06-30,Đổ xăng,"50,000",,0,,,,
2011-06-30,Ăn sáng,"10,000",,0,,,,
2011-06-30,Cho mượn,"500,000",Nhân,0,,,,
2011-06-30,Ăn trưa,"13,000",,0,,,,
2011-07-01,Ăn sáng,"20,000",,0,,,,
2011-07-01,Ăn trưa,"13,000",,0,,,,
2011-07-01,Rút tài khoản,"-500,000",,0,,,,
2011-07-01,Thu,-500,Tiền mua bánh mì cho anh An dư,0,,,,
2011-07-01,Đổ xăng,"50,000",,0,,,,
2011-07-01,Linh tinh,"6,000",Bánh mì,0,,,,
2011-07-02,Ăn sáng,"20,000",,0,,,,
2011-07-02,Thay nhớt,"80,000",,0,,,,
2011-07-02,Nhậu,"107,500",,0,,,,
2011-07-02,Linh tinh,"11,000",Dưa leo,0,,,,
2011-07-03,Linh tinh,"180,000","Bột giặt, mì gói, sữa",0,,,,
2011-07-03,Gửi xe,"1,000",Siêu thị,0,,,,
2011-07-04,Ăn sáng,"15,000",,0,,,,
2011-07-04,Ăn trưa,"13,000",,0,,,,
2011-07-05,Ăn sáng,"8,000",,0,,,,
2011-07-05,Mượn,"-50,000",An Gameloft,0,,,,
2011-07-05,Ăn trưa,"15,000",,0,,,,
2011-07-05,Đổ xăng,"50,000",,0,,,,
2011-07-06,Linh tinh,"10,000",Bàn chải đánh răng (cho anh Ba và cô Bảy),0,,,,
2011-07-06,Ăn trưa,"13,000",,0,,,,
2011-07-06,Thu tiền mượn,"-500,000",Nhân,0,,,,
2011-07-07,Đổ xăng,"50,000",,0,,,,
2011-07-07,Trả nợ,"50,000",An Gameloft,0,,,,
2011-07-07,Ăn trưa,"15,000",,0,,,,
2011-07-08,Ăn sáng,"20,000",,0,,,,
2011-07-08,Ăn trưa,"22,000",,0,,,,
2011-07-08,Cho,"13,000","Nhân, ăn trưa",0,,,,
2011-07-09,Đổ xăng,"50,000",,0,,,,
2011-07-09,Linh tinh,"73,000",Sách,0,,,,
2011-07-09,Nhậu,"100,000",,0,,,,
2011-07-09,Gửi xe,"10,000",Quán nhậu,0,,,,
2011-07-10,Ăn sáng,"17,000",,0,,,,
2011-07-11,Ăn trưa,"20,000",,0,,,,
2011-07-11,Thu tiền mượn,"-500,000",Nhựt,0,,,,
2011-07-11,Đổ xăng,"50,000",,0,,,,
2011-07-12,Ăn sáng,"8,000",,0,,,,
2011-07-12,Ăn trưa,"18,000",,0,,,,
2011-07-12,Linh tinh,"8,000",Nước ngọt,0,,,,
2011-07-13,Ăn sáng,"28,000",,0,,,,
2011-07-13,Ăn trưa,"15,000",,0,,,,
2011-07-13,Đổ xăng,"50,000",,0,,,,
2011-07-14,Ăn sáng,"18,000",,0,,,,
2011-07-14,Ăn trưa,"20,000",,0,,,,
2011-07-15,Ăn sáng,"16,000",,0,,,,
2011-07-15,Ăn trưa,"15,000",,0,,,,
2011-07-16,Ăn sáng,"7,000",,0,,,,
2011-07-16,Cà phê,"8,000",,0,,,,
2011-07-16,Đổ xăng,"50,000",,0,,,,
2011-07-17,Linh tinh,"54,000",Trà sữa,0,,,,
2011-07-17,Linh tinh,"170,000",Mua dép,0,,,,
2011-07-18,Ăn sáng,"16,000",,0,,,,
2011-07-18,Ăn trưa,"15,000",,0,,,,
2011-07-18,Rút tài khoản,"-700,000",,0,,,,
2011-07-19,Ăn sáng,"21,000",,0,,,,
2011-07-19,Ăn trưa,"15,000",,0,,,,
2011-07-19,Linh tinh,"90,000",Xem phim,0,,,,
2011-07-19,Rút tài khoản,"-500,000",,0,,,,
2011-07-19,Cho mượn,"500,000",Nhân,0,,,,
2011-07-19,Ăn tối,"10,000",Hambugur,0,,,,
2011-07-19,Gửi xe,"3,000",Rạp phim,0,,,,
2011-07-19,Đổ xăng,"50,000",,0,,,,
2011-07-19,Linh tinh,"15,000",Kem đánh răng,0,,,,
2011-07-20,Ăn sáng,"7,000",,0,,,,
2011-07-20,Ăn trưa,"20,000",,0,,,,
2011-07-20,Cho mượn,"200,000",Nhân,0,,,,
2011-07-21,Ăn sáng,"6,000",,0,,,,
2011-07-21,Ăn trưa,"15,000",,0,,,,
2011-07-22,Ăn sáng,"18,000",,0,,,,
2011-07-22,Ăn trưa,"15,000",,0,,,,
2011-07-22,Linh tinh,"18,000",Nước ngọt (Trả anh Nhựt Hải hôm uống ở rạp),0,,,,
2011-07-22,Thu tiền mượn,"-200,000",Nhân,0,,,,
2011-07-24,Linh tinh,"46,000",Sữa,0,,,,
2011-07-24,Linh tinh,"15,000",Rửa xe,0,,,,
2011-07-24,Linh tinh,"6,000",Cắt chìa khóa,0,,,,
2011-07-25,Ăn sáng,"18,000",,0,,,,
2011-07-25,Đổ xăng,"50,000",,0,,,,
2011-07-25,Ăn trưa,"15,000",,0,,,,
2011-07-26,Ăn sáng,"18,000",,0,,,,
2011-07-26,Thu tiền mượn,"-500,000",Nhân,0,,,,
2011-07-26,Ăn trưa,"20,000",,0,,,,
2011-07-27,Ăn sáng,"17,000",,0,,,,
2011-07-27,Ăn trưa,"15,000",,0,,,,
2011-07-27,Đổ xăng,"50,000",,0,,,,
2011-07-27,Gửi xe,"3,000",,0,,,,
2011-07-28,Ăn sáng,"20,000",,0,,,,
2011-07-28,Ăn trưa,"15,000",,0,,,,
2011-07-28,Linh tinh,500,Bỏ heo,0,,,,
2011-07-28,Nhậu,"50,000",,0,,,,
2011-07-29,Ăn sáng,"18,000",,0,,,,
2011-07-29,Đổ xăng,"50,000",,0,,,,
2011-07-29,Ăn trưa,"15,000",,0,,,,
2011-07-30,Ăn sáng,"6,000",,0,,,,
2011-07-30,Linh tinh,"266,000",Áo khoác,0,,,,
2011-07-30,Linh tinh,"24,000",Trà sữa,0,,,,
2011-07-30,Cho,"5,000",Thu,0,,,,
2011-07-31,Ăn sáng,"7,000",,0,,,,
2011-07-31,Linh tinh,"3,000",Báo,0,,,,
2011-08-01,Ăn sáng,"7,000",,0,,,,
2011-08-01,Đổ xăng,"50,000",,0,,,,
2011-08-01,Ăn trưa,"18,000",,0,,,,
2011-08-01,Linh tinh,"14,000",Trà sữa,0,,,,
2011-08-02,Ăn sáng,"7,000",,0,,,,
2011-08-02,Rút tài khoản,"-500,000",,0,,,,
2011-08-02,Gửi xe,"6,000",Sân banh + Xe Nhân,0,,,,
2011-08-03,Ăn sáng,"16,000",,0,,,,
2011-08-03,Ăn trưa,"15,000",,0,,,,
2011-08-03,Ăn tối,"49,000",,0,,,,
2011-08-03,Gửi xe,"6,000",,0,,,,
2011-08-03,Linh tinh,"20,000",Vớ,0,,,,
2011-08-04,Ăn sáng,"15,000",,0,,,,
2011-08-04,Ăn trưa,"15,000",,0,,,,
2011-08-04,Cho mượn,"200,000",Nhân,0,,,,
2011-08-04,Đổ xăng,"50,000",,0,,,,
2011-08-04,Linh tinh,"16,000",Nước ngọt,0,,,,
2011-08-05,Ăn sáng,"18,000",,0,,,,
2011-08-05,Ăn trưa,"15,000",,0,,,,
2011-08-06,Ăn sáng,"14,000",,0,,,,
2011-08-06,Linh tinh,"5,000","Sửa xe: Tra nhớt, bơm lốp",0,,,,
2011-08-06,Đổ xăng,"50,000",,0,,,,
2011-08-06,Hớt tóc,"20,000",,0,,,,
2011-08-06,Rút tài khoản,"-500,000",,0,,,,
2011-08-06,Cà phê,"92,000",Bé Hân,0,,,,
2011-08-07,Ăn sáng,"7,000",,0,,,,
2011-08-07,Linh tinh,"3,500",Báo,0,,,,
2011-08-07,Cho,"100,000",Thân,0,,,,
2011-08-07,Linh tinh,"8,000",Xe buýt,0,,,,
2011-08-07,Rút tài khoản,"-10,000,000",,0,,,,
2011-08-07,Cho mượn,"10,000,000",Chị Hai,0,,,,
2011-08-08,Ăn sáng,"7,000",,0,,,,
2011-08-08,Ăn trưa,"15,000",,0,,,,
2011-08-08,Thu tiền mượn,"-200,000",Nhân,0,,,,
2011-08-08,Gửi xe,"3,000",Maximark,0,,,,
2011-08-09,Đổ xăng,"50,000",,0,,,,
2011-08-09,Ăn sáng,"17,000",,0,,,,
2011-08-09,Ăn trưa,"15,000",,0,,,,
2011-08-09,Linh tinh,"10,000",Hambugur,0,,,,
2011-08-09,Thu,-500,Rút heo,0,,,,
2011-08-09,Đá banh,"30,000",,0,,,,
2011-08-09,Gửi xe,"3,000",,0,,,,
2011-08-10,Ăn sáng,"18,000",,0,,,,
2011-08-10,Ăn trưa,"15,000",,0,,,,
2011-08-11,Ăn sáng,"7,000",,0,,,,
2011-08-11,Ăn trưa,"15,000",,0,,,,
2011-08-11,Rút tài khoản,"-500,000",,0,,,,
2011-08-11,Linh tinh,"518,500",,0,,,,
2011-08-11,Gửi xe,"3,000",Maximark,0,,,,
2011-08-12,Ăn sáng,"20,000",,0,,,,
2011-08-12,Ăn trưa,"15,000",,0,,,,
2011-08-12,Linh tinh,"15,500",Trà sữa,0,,,,
2011-08-12,Đổ xăng,"50,000",,0,,,,
2011-08-13,Ăn sáng,"21,000",,0,,,,
2011-08-14,Linh tinh,"4,000",Báo,0,,,,
2011-08-14,Rút tài khoản,"-500,000",,0,,,,
2011-08-14,Ăn sáng,"21,000",,0,,,,
2011-08-14,Linh tinh,"16,000",Xe buýt,0,,,,
2011-08-14,Thu,"-30,000",Hỗ trợ hiến máu,0,,,,
2011-08-14,Ăn trưa,"30,000",,0,,,,
2011-08-14,Gửi xe,"4,000",Chùa,0,,,,
2011-08-15,Ăn sáng,"19,000",,0,,,,
2011-08-15,Ăn trưa,"15,000",,0,,,,
2011-08-16,Ăn sáng,"18,000",,0,,,,
2011-08-16,Đổ xăng,"50,000",,0,,,,
2011-08-16,Ăn trưa,"20,000",,0,,,,
2011-08-16,Đá banh,"50,000",,0,,,,
2011-08-16,Gửi xe,"3,000",,0,,,,
2011-08-17,Ăn sáng,"19,000",,0,,,,
2011-08-17,Ăn trưa,"17,000",,0,,,,
2011-08-17,Rút tài khoản,"-2,500,000",,0,,,,
2011-08-17,Cho mượn,"2,000,000",Phong,0,,,,
2011-08-18,Đổ xăng,"50,000",,0,,,,
2011-08-18,Ăn sáng,"20,000",,0,,,,
2011-08-18,Ăn trưa,"15,000",,0,,,,
2011-08-18,Gửi xe,"3,000",,0,,,,
2011-08-18,Đá banh,"25,000",,0,,,,
2011-08-19,Ăn trưa,"15,000",,0,,,,
2011-08-19,Cho mượn,"200,000",Nhựt,0,,,,
2011-08-20,Đổ xăng,"40,000",,0,,,,
2011-08-20,Ăn sáng,"52,000",,0,,,,
2011-08-20,Nhậu,"100,000",Tiễn Linh,0,,,,
2011-08-22,Ăn sáng,"20,000",,0,,,,
2011-08-22,Đổ xăng,"50,000",,0,,,,
2011-08-22,Rút tài khoản,"-500,000",,0,,,,
2011-08-22,Cho mượn,"500,000",Nhân,0,,,,
2011-08-22,Ăn trưa,"15,000",,0,,,,
2011-08-22,Linh tinh,"8,000",Nước ngọt,0,,,,
2011-08-22,Ăn tối,"50,000",Với Loan,0,,,,
2011-08-23,Linh tinh,"20,000",Vé số,0,,,,
2011-08-23,Ăn sáng,"16,000",,0,,,,
2011-08-23,Ăn trưa,"15,000",,0,,,,
2011-08-23,Đá banh,"40,000",,0,,,,
2011-08-23,Gửi xe,"3,000",,0,,,,
2011-08-24,Đổ xăng,"50,000",,0,,,,
2011-08-24,Ăn sáng,"17,000",,0,,,,
2011-08-24,Ăn trưa,"15,000",,0,,,,
2011-08-25,Ăn sáng,"18,000",,0,,,,
2011-08-25,Ăn trưa,"15,000",,0,,,,
2011-08-25,Rút tài khoản,"-1,000,000",,0,,,,
2011-08-25,Cho mượn,"500,000",Cường,0,,,,
2011-08-26,Ăn sáng,"19,000",,0,,,,
2011-08-26,Linh tinh,"96,000",Nạp card điện thoại,0,,,,
2011-08-26,Ăn trưa,"20,000",,0,,,,
2011-08-27,Đổ xăng,"50,000",,0,,,,
2011-08-27,Đá banh,"25,000",,0,,,,
2011-08-28,Ăn sáng,"24,000",,0,,,,
2011-08-28,Linh tinh,"15,000",Rửa xe,0,,,,
2011-08-29,Ăn sáng,"18,000",,0,,,,
2011-08-29,Ăn trưa,"15,000",,0,,,,
2011-08-29,Thu tiền mượn,"-200,000",Nhựt,0,,,,
2011-08-29,Mượn,"-200,000",Nhựt,0,,,,
2011-08-30,Đổ xăng,"50,000",,0,,,,
2011-08-30,Ăn sáng,"20,000",,0,,,,
2011-08-30,Cho,"6,000",Mua bánh mì cho Nhân,0,,,,
2011-08-30,Ăn trưa,"15,000",,0,,,,
2011-08-30,Cho mượn,"15,000",Mua cơm cho Châu,0,,,,
2011-08-30,Linh tinh,"20,000",Nước ngọt (2 lon Red-bull),0,,,,
2011-08-30,Linh tinh,"11,000","Đi chơi nhà thờ Đức Bà với Trang, Trúc, Lai, Cường & em Cường",0,,,,
2011-08-30,Cho,"100,000","Linh (tại nhà thờ Đức Bà, cùng với Lai, Trang, Trúc)",0,,,,
2011-08-30,Gửi xe,"2,000",,0,,,,
2011-08-31,Ăn sáng,"7,000",,0,,,,
2011-08-31,Ăn trưa,"15,000",,0,,,,
2011-08-31,Thu tiền mượn,"-15,000",Châu,0,,,,
2011-09-01,Ăn sáng,"30,000",,0,,,,
2011-09-01,Ăn trưa,"15,000",,0,,,,
2011-09-01,Linh tinh,"20,000",Vé số,0,,,,
2011-09-01,Nhậu,"100,000","Nhân, anh Bình",0,,,,
2011-09-02,Rút tài khoản,"-1,000,000",,0,,,,
2011-09-02,Cho mượn,"500,000",Nhân,0,,,,
2011-09-03,Đổ xăng,"50,000",,0,,,,
2011-09-03,Cho mượn,"500,000",Linh,0,,,,
2011-09-04,Gửi xe,"3,000",,0,,,,
2011-09-04,Cà phê,"20,000",12A,0,,,,
2011-09-04,Linh tinh,"10,000",Hủ tiếu,0,,,,
2011-09-04,Đá banh,"50,000",Hôm qua + Hôm nay,0,,,,
2011-09-04,Gửi xe,"10,000",Cả nhóm,0,,,,
2011-09-05,Cho,"3,000",Ăn xin,0,,,,
2011-09-05,Ăn sáng,"19,000",,0,,,,
2011-09-05,Ăn trưa,"15,000",,0,,,,
2011-09-06,Ăn sáng,"12,000",+Nhân,0,,,,
2011-09-06,Ăn trưa,"20,000",,0,,,,
2011-09-06,Thu tiền mượn,"-100,000",Nhân,0,,,,
2011-09-06,Linh tinh,"40,000",Cắt chìa khóa,0,,,,
2011-09-06,Đá banh,"30,000",,0,,,,
2011-09-06,Gửi xe,"3,000",,0,,,,
2011-09-06,Ăn tối,"18,000",,0,,,,
2011-09-07,Đổ xăng,"50,000",,0,,,,
2011-09-07,Rút tài khoản,"-1,000,000",,0,,,,
2011-09-07,Ăn trưa,"15,000",,0,,,,
2011-09-08,Ăn trưa,"15,000",,0,,,,
2011-09-08,Linh tinh,"15,000",Trà sữa,0,,,,
2011-09-08,Nhậu,"100,000",,0,,,,
2011-09-09,Ăn sáng,"12,000",,0,,,,
2011-09-09,Cà phê,"7,000",,0,,,,
2011-09-09,Ăn trưa,"15,000",,0,,,,
2011-09-09,Ăn tối,"15,000",,0,,,,
2011-09-09,Cho mượn,"500,000",Nhân,0,,,,
2011-09-10,Thu,"-100,000",Chị Châu cho,0,,,,
2011-09-10,Cà phê,"50,000","with 2 Thịnh, Cường, Trúc",0,,,,
2011-09-11,Đổ xăng,"50,000",,0,,,,
2011-09-11,Linh tinh,"55,000",Mì gói + Cờ tướng,0,,,,
2011-09-11,Đá banh,"25,000",,0,,,,
2011-09-11,Gửi xe,"8,000",,0,,,,
2011-09-12,Ăn sáng,"19,000",,0,,,,
2011-09-12,Ăn trưa,"15,000",,0,,,,
2011-09-13,Ăn sáng,"30,000",+Nhân,0,,,,
2011-09-13,Ăn trưa,"15,000",,0,,,,
2011-09-13,Đá banh,"35,000",,0,,,,
2011-09-13,Cho mượn,"35,000",Nhân,0,,,,
2011-09-13,Gửi xe,"3,000",,0,,,,
2011-09-14,Ăn sáng,"30,000",+Nhân,0,,,,
2011-09-14,Ăn trưa,"15,000",,0,,,,
2011-09-14,Thu tiền mượn,"-35,000",Nhân,0,,,,
2011-09-14,Cà phê,"7,000",,0,,,,
2011-09-15,Ăn trưa,"20,000",,0,,,,
2011-09-15,Rút tài khoản,"-1,000,000",,0,,,,
2011-09-15,Linh tinh,"25,000",Sinh tố,0,,,,
2011-09-16,Ăn sáng,"30,000",,0,,,,
2011-09-16,Ăn trưa,"15,000",,0,,,,
2011-09-17,Đổ xăng,"50,000",,0,,,,
2011-09-17,Đá banh,"30,000",,0,,,,
2011-09-17,Gửi xe,"2,000",,0,,,,
2011-09-17,Ăn tối,"25,000",,0,,,,
2011-09-17,Linh tinh,"10,000",Sinh tố,0,,,,
2011-09-18,Phòng,"200,000",,0,,,,
2011-09-18,Linh tinh,"150,000",Đồ dùng trong nhà + Ăn trưa,0,,,,
2011-09-18,Cà phê,"50,000",Offline guitarpro.vn với Loan,0,,,,
2011-09-19,Ăn sáng,"15,000",,0,,,,
2011-09-19,Ăn trưa,"15,000",,0,,,,
2011-09-20,Trả nợ,"200,000",Nhựt,0,,,,
2011-09-20,Ăn trưa,"15,000",,0,,,,
2011-09-20,Cho mượn,"150,000",Nhân,0,,,,
2011-09-20,Đá banh,"25,000",,0,,,,
2011-09-20,Gửi xe,"3,000",,0,,,,
2011-09-21,Rút tài khoản,"-1,000,000",,0,,,,
2011-09-21,Ăn trưa,"15,000",,0,,,,
2011-09-22,Ăn sáng,"50,000",Trả dùm Nhân mấy bữa trước,0,,,,
2011-09-22,Ăn trưa,"20,000",,0,,,,
2011-09-22,Cho mượn,"100,000",Nhân,0,,,,
2011-09-22,Đổ xăng,"50,000",,0,,,,
2011-09-23,Ăn sáng,"30,000",,0,,,,
2011-09-23,Ăn trưa,"15,000",,0,,,,
2011-09-23,Gửi xe,"3,000",Rạp phim,0,,,,
2011-09-23,Linh tinh,"18,000",Nước ngọt (Rạp phim),0,,,,
2011-09-24,Cho mượn,"150,000",Nhân,0,,,,
2011-09-24,Linh tinh,"106,000",Thẻ nhớ,0,,,,
2011-09-24,Ăn trưa,"15,000",,0,,,,
2011-09-24,Linh tinh,"1,000",Đá lạnh,0,,,,
2011-09-24,Rút tài khoản,"-1,800,000",,0,,,,
2011-09-24,Linh tinh,"100,000",Capo,0,,,,
2011-09-24,Linh tinh,"290,000",Metronome,0,,,,
2011-09-24,Cho mượn,"400,000",Lai,0,,,,
2011-09-24,Cho,"10,000",Lai (mua capo + metronome),0,,,,
2011-09-24,Gửi xe,"3,000",Nhà thi đấu Phú Thọ,0,,,,
2011-09-24,Nhậu,"100,000","với Lai, Thịnh",0,,,,
2011-09-25,Linh tinh,"170,000","Đi chơi Thanh Đa, Bình Quới cùng 12A (Câu cá, ăn nhậu)",0,,,,
2011-09-25,Đá banh,"50,000",Thua,0,,,,
2011-09-25,Gửi xe,"2,000",Sân banh,0,,,,
2011-09-25,Đổ xăng,"50,000",,0,,,,
2011-09-26,Ăn trưa,"15,000",,0,,,,
2011-09-26,Linh tinh,"150,000",Xem phim,0,,,,
2011-09-26,Ăn tối,"29,000",,0,,,,
2011-09-26,Linh tinh,"25,000",Chụp hình thẻ,0,,,,
2011-09-27,Ăn sáng,"24,000",,0,,,,
2011-09-27,Ăn trưa,"15,000",,0,,,,
2011-09-27,Đá banh,"35,000",,0,,,,
2011-09-27,Gửi xe,"3,000",,0,,,,
2011-09-27,Ăn tối,"9,000",,0,,,,
2011-09-28,Ăn trưa,"19,000",,0,,,,
2011-09-28,Ăn tối,"12,000",,0,,,,
2011-09-28,Linh tinh,"12,000",Bình ga,0,,,,
2011-09-28,Linh tinh,"1,000",Đá lạnh,0,,,,
2011-09-29,Ăn sáng,"20,000",,0,,,,
2011-09-29,Ăn trưa,"20,000",,0,,,,
2011-09-29,Thu,"-6,000",Mì gói cho a.Viễn :)),0,,,,
2011-09-30,Ăn sáng,"23,000",Trả lúc trưa cho Nhân,0,,,,
2011-09-30,Ăn trưa,"20,000",,0,,,,
2011-09-30,Ăn tối,"15,000",,0,,,,
2011-09-30,Cà phê,"28,000",,0,,,,
2011-10-01,Đổ xăng,"50,000",,0,,,,
2011-10-01,Linh tinh,"5,000",Hành tây,0,,,,
2011-10-01,Nhậu,"200,000",Sinh nhật Hồng 3 Mùi,0,,,,
2011-10-02,Đá banh,"50,000",,0,,,,
2011-10-02,Gửi xe,"2,000",Sân banh,0,,,,
2011-10-03,Thu,"-6,000",Sữa cho Châu,0,,,,
2011-10-03,Ăn trưa,"15,000",,0,,,,
2011-10-03,Ăn tối,"15,000",,0,,,,
2011-10-03,Linh tinh,"18,000",Thuốc,0,,,,
2011-10-04,Ăn sáng,"18,000",,0,,,,
2011-10-04,Ăn trưa,"15,000",,0,,,,
2011-10-04,Đá banh,"35,000",,0,,,,
2011-10-04,Gửi xe,"6,000",Trả dùm a.Viễn,0,,,,
2011-10-04,Ăn tối,"14,000",,0,,,,
2011-10-05,Ăn sáng,"22,000",,0,,,,
2011-10-05,Cho mượn,"100,000",Nhân,0,,,,
2011-10-05,Ăn trưa,"15,000",,0,,,,
2011-10-05,Rút tài khoản,"-1,000,000",,0,,,,
2011-10-05,Đổ xăng,"50,000",,0,,,,
2011-10-05,Ăn tối,"27,000",,0,,,,
2011-10-06,Ăn trưa,"30,000",With Nhân,0,,,,
2011-10-06,Linh tinh,"10,000",Nước ngọt,0,,,,
2011-10-06,Ăn tối,"15,000",,0,,,,
2011-10-06,Cà phê,"116,000",,0,,,,
2011-10-07,Ăn sáng,"30,000",,0,,,,
2011-10-07,Gửi xe,"3,000",Big C,0,,,,
2011-10-07,Linh tinh,"50,000","Cafe, giấy đựng rác, ăn tối...",0,,,,
2011-10-08,Ăn trưa,"27,000",,0,,,,
2011-10-08,Ăn tối,"48,000",,0,,,,
2011-10-08,Đổ xăng,"50,000",,0,,,,
2011-10-09,Linh tinh,"2,000",Bơm xe,0,,,,
2011-10-09,Rút tài khoản,"-3,000,000",,0,,,,
2011-10-09,Cho mượn,"3,000,000",Chị Hai,0,,,,
2011-10-09,Thu,"-3,000",Mua nón bảo hiểm dư,0,,,,
2011-10-09,Hớt tóc,"20,000",,0,,,,
2011-10-09,Ăn tối,"21,000",,0,,,,
2011-10-10,Ăn trưa,"20,000",,0,,,,
2011-10-10,Linh tinh,"40,000",Bánh tráng,0,,,,
2011-10-11,Ăn sáng,"16,000",,0,,,,
2011-10-11,Linh tinh,"10,000",Nước ngọt,0,,,,
2011-10-11,Ăn trưa,"15,000",,0,,,,
2011-10-11,Linh tinh,"10,000",Phụ tiền cắt chìa khóa với Nhân,0,,,,
2011-10-11,Đá banh,"35,000",,0,,,,
2011-10-11,Gửi xe,"3,000",,0,,,,
2011-10-11,Ăn tối,"12,000",,0,,,,
2011-10-12,Đổ xăng,"50,000",,0,,,,
2011-10-12,Ăn sáng,"20,000",,0,,,,
2011-10-12,Ăn trưa,"15,000",,0,,,,
2011-10-13,Ăn sáng,"30,000",,0,,,,
2011-10-13,Ăn trưa,"15,000",,0,,,,
2011-10-13,Ăn tối,"31,000",Với Loan,0,,,,
2011-10-14,Ăn trưa,"20,000",,0,,,,
2011-10-15,Ăn sáng,"12,000",,0,,,,
2011-10-15,Rút tài khoản,"-1,000,000",,0,,,,
2011-10-16,Linh tinh,"6,000",Báo + Đá lạnh,0,,,,
2011-10-16,Thay nhớt,"100,000",+ Tăng xên,0,,,,
2011-10-16,Đổ xăng,"50,000",,0,,,,
2011-10-16,Nhậu,"102,000","Với Thu, bé Thương",0,,,,
2011-10-17,Ăn sáng,"19,000",,0,,,,
2011-10-17,Ăn trưa,"15,000",,0,,,,
2011-10-17,Rút tài khoản,"-1,000,000",,0,,,,
2011-10-17,Cho mượn,"200,000",Nhân,0,,,,
2011-10-17,Phòng,"800,000",,0,,,,
2011-10-17,Ăn tối,"18,000",,0,,,,
2011-10-18,Ăn trưa,"15,000",,0,,,,
2011-10-18,Gửi xe,"3,000",Cho Nhân,0,,,,
2011-10-18,Ăn tối,"24,000",,0,,,,
2011-10-18,Linh tinh,"1,000",Đá lạnh,0,,,,
2011-10-19,Ăn trưa,"15,000",,0,,,,
2011-10-19,Ăn tối,"15,000",,0,,,,
2011-10-19,Linh tinh,"105,000","Sách (Đặng Thái Sơn, cờ vua), long não, kẹo mút",0,,,,
2011-10-19,Thu tiền mượn,"-1,000,000",Nhân,0,,,,
2011-10-20,Ăn sáng,"30,000",,0,,,,
2011-10-20,Ăn trưa,"15,000",,0,,,,
2011-10-20,Nhậu,"125,000","Ăn tối, karaoke",0,,,,
2011-10-21,Ăn trưa,"15,000",,0,,,,
2011-10-21,Ăn tối,"15,000",,0,,,,
2011-10-21,Đổ xăng,"50,000",,0,,,,
2011-10-21,Linh tinh,"30,000",Sạc điện thoại,0,,,,
2011-10-23,Linh tinh,"13,000",Thuốc,0,,,,
2011-10-23,Ăn sáng,"7,000",,0,,,,
2011-10-23,Cà phê,"100,000",Offline Viet Guitar,0,,,,
2011-10-23,Gửi xe,"5,000",,0,,,,
2011-10-24,Linh tinh,"18,000",Thuốc,0,,,,
2011-10-24,Ăn sáng,"10,000",,0,,,,
2011-10-24,Ăn trưa,"15,000",,0,,,,
2011-10-24,Cho mượn,"500,000",Nhựt,0,,,,
2011-10-25,Ăn sáng,"30,000",,0,,,,
2011-10-25,Nhậu,"60,000",,0,,,,
2011-10-25,Gửi xe,"2,000",,0,,,,
2011-10-26,Ăn trưa,"30,000",,0,,,,
2011-10-26,Đổ xăng,"50,000",,0,,,,
2011-10-27,Ăn sáng,"22,000",,0,,,,
2011-10-27,Ăn trưa,"20,000",,0,,,,
2011-10-27,Cho mượn,"200,000",Nhân,0,,,,
2011-10-27,Linh tinh,"9,000",Nước,0,,,,
2011-10-28,Ăn trưa,"15,000",,0,,,,
2011-10-28,Linh tinh,"36,000","Sinh tố, cá viên chiên",0,,,,
2011-10-29,Linh tinh,"7,000",Bánh mì,0,,,,
2011-10-30,Ăn sáng,"23,000",,0,,,,
2011-10-30,Ăn trưa,"15,000",,0,,,,
2011-10-30,Linh tinh,"12,000",Sữa,0,,,,
2011-10-30,Ăn tối,"16,000",,0,,,,
2011-10-31,Ăn trưa,"15,000",,0,,,,
2011-10-31,Thu,"-6,000",Mì gói cho anh Viễn,0,,,,
2011-10-31,Rút tài khoản,"-900,000",,0,,,,
2011-10-31,Ăn tối,"20,000",,0,,,,
2011-10-31,Đổ xăng,"50,000",,0,,,,
2011-10-31,Linh tinh,"8,000",Nước ngọt (đi coi hát với Mỹ ở nhà hát thành phố,0,,,,
2011-11-01,Ăn sáng,"22,000",,0,,,,
2011-11-01,Ăn trưa,"15,000",,0,,,,
2011-11-01,Đá banh,"30,000",,0,,,,
2011-11-01,Gửi xe,"3,000",,0,,,,
2011-11-01,Ăn tối,"24,000",,0,,,,
2011-11-02,Ăn sáng,"39,000",,0,,,,
2011-11-02,Ăn trưa,"20,000",,0,,,,
2011-11-02,Linh tinh,"15,000",Kem đánh răng,0,,,,
2011-11-03,Ăn sáng,"30,000",,0,,,,
2011-11-03,Ăn trưa,"15,000",,0,,,,
2011-11-03,Ăn tối,"10,000",,0,,,,
2011-11-04,Ăn trưa,"15,000",,0,,,,
2011-11-05,Gửi xe,"3,000",Sân bóng Phú Thọ,0,,,,
2011-11-05,Linh tinh,"16,000",Nước ngọt,0,,,,
2011-11-05,Đổ xăng,"50,000",,0,,,,
2011-11-05,Linh tinh,"20,000",Đồ ăn tối cho Nhân,0,,,,
2011-11-06,Ăn sáng,"8,000",,0,,,,
2011-11-06,Mượn,"-200,000",Nhân,0,,,,
2011-11-06,Gửi xe,"5,000",Nhà hàng Thủy Tạ,0,,,,
2011-11-06,Linh tinh,"500,000",Đám cưới anh Khang,0,,,,
2011-11-06,Cà phê,"78,000","Với a.Tâm, a.Tài, a.Bình, Nhân",0,,,,
2011-11-07,Ăn trưa,"15,000",,0,,,,
2011-11-07,Linh tinh,"23,000",Sữa,0,,,,
2011-11-07,Thất thoát,"140,000",,0,,,,
2011-11-07,Rút tài khoản,"-1,000,000",,0,,,,
2011-11-07,Trả nợ,"200,000",Nhân,0,,,,
2011-11-07,Nhậu,"150,000",Sinh nhật a.Viễn team HRP US,0,,,,
2011-11-08,Ăn sáng,"26,000",,0,,,,
2011-11-08,Ăn trưa,"15,000",,0,,,,
2011-11-08,Đá banh,"30,000",,0,,,,
2011-11-08,Gửi xe,"3,000",,0,,,,
2011-11-08,Đổ xăng,"50,000",,0,,,,
2011-11-09,Ăn sáng,"24,000",,0,,,,
2011-11-09,Ăn trưa,"15,000",,0,,,,
2011-11-09,Ăn tối,"15,000",,0,,,,
2011-11-10,Ăn trưa,"30,000",Với Nhân,0,,,,
2011-11-10,Linh tinh,"242,000",Bánh kem cho Huyên,0,,,,
2011-11-10,Nhậu,"150,000",Karaoke,0,,,,
2011-11-11,Ăn trưa,"15,000",,0,,,,
2011-11-11,Ăn tối,"20,000",,0,,,,
2011-11-12,Ăn sáng,"52,000",,0,,,,
2011-11-12,Ăn trưa,"15,000",,0,,,,
2011-11-12,Gửi xe,"3,000","Siêu thị, để đi rút tiền",0,,,,
2011-11-12,Rút tài khoản,"-1,000,000",,0,,,,
2011-11-12,Ăn tối,"52,000",Với Loan,0,,,,
2011-11-13,Ăn sáng,"8,000",,0,,,,
2011-11-13,Đổ xăng,"50,000",,0,,,,
2011-11-14,Ăn sáng,"16,000",,0,,,,
2011-11-14,Ăn trưa,"15,000",,0,,,,
2011-11-14,Ăn tối,"15,000",,0,,,,
2011-11-15,Cho mượn,"500,000",Nhân,0,,,,
2011-11-15,Ăn trưa,"15,000",,0,,,,
2011-11-15,Đá banh,"60,000",Trả dùm Nhân,0,,,,
2011-11-15,Gửi xe,"3,000",,0,,,,
2011-11-16,Ăn sáng,"10,000",,0,,,,
2011-11-16,Linh tinh,"10,000","Thuốc sổ muỗi, hắt hơi",0,,,,
2011-11-16,Ăn trưa,"15,000",,0,,,,
2011-11-16,Rút tài khoản,"-2,000,000",,0,,,,
2011-11-16,Ăn tối,"15,000",,0,,,,
2011-11-16,Cho mượn,"1,200,000",Nhân,0,,,,
2011-11-16,Phòng,"800,000",,0,,,,
2011-11-17,Ăn sáng,"24,000",,0,,,,
2011-11-17,Ăn trưa,"15,000",,0,,,,
2011-11-17,Rút tài khoản,"-1,000,000",,0,,,,
2011-11-17,Gửi xe,"3,000",,0,,,,
2011-11-17,Cho mượn,"300,000",Thu,0,,,,
2011-11-17,Linh tinh,"22,000",Phí chuyển khoản cho Thu,0,,,,
2011-11-17,Gửi xe,"2,000","Nhà sách Nhân Văn, đường Trường Chinh, gần Ấp Bắc",0,,,,
2011-11-18,Ăn sáng,"2,000",Phụ Nhân,0,,,,
2011-11-18,Gửi xe,"3,000","Nhà sách Nhân Văn, đường CMT8",0,,,,
2011-11-18,Linh tinh,"255,000",,0,,,,
2011-11-18,Gửi xe,"3,000",Siêu thị MaxiMark,0,,,,
2011-11-18,Đổ xăng,"50,000",,0,,,,
2011-11-18,Ăn trưa,"15,000",,0,,,,
2011-11-19,Ăn sáng,"20,000",,0,,,,
2011-11-19,Ăn trưa,"15,000",,0,,,,
2011-11-20,Linh tinh,"3,000",Bơm xe,0,,,,
2011-11-20,Linh tinh,"100,000",Đám cưới Nhi,0,,,,
2011-11-20,Cho mượn,"100,000",Lai,0,,,,
2011-11-20,Cho mượn,"100,000",Xuân Thịnh,0,,,,
2011-11-20,Cho mượn,"100,000",Trúc,0,,,,
2011-11-20,Cho mượn,"100,000",Loan,0,,,,
2011-11-20,Cho mượn,"100,000",Bình,0,,,,
2011-11-20,Mượn,"-100,000",Thương,0,,,,
2011-11-21,Ăn sáng,"24,000",,0,,,,
2011-11-21,Cà phê,"7,000",,0,,,,
2011-11-21,Rút tài khoản,"-800,000",,0,,,,
2011-11-21,Linh tinh,"15,000",Bánh mì,0,,,,
2011-11-22,Linh tinh,"90,000",Xem phim,0,,,,
2011-11-22,Ăn tối,"25,000",,0,,,,
2011-11-22,Gửi xe,"3,000",,0,,,,
2011-11-22,Linh tinh,"21,000","Mì gói, đá lạnh",0,,,,
2011-11-23,Ăn sáng,"24,000",,0,,,,
2011-11-23,Cho mượn,"100,000",Nhân,0,,,,
2011-11-24,Thu tiền mượn,"-600,000",Nhân,0,,,,
2011-11-24,Nhậu,"100,000",,0,,,,
2011-11-24,Linh tinh,"27,000",Thuốc tiêu chảy cho Nhân,0,,,,
2011-11-25,Ăn sáng,"10,000",,0,,,,
2011-11-25,Linh tinh,"97,000",Nạp card điện thoại,0,,,,
2011-11-25,Ăn tối,"42,000",,0,,,,
2011-11-25,Cà phê,"110,000",,0,,,,
2011-11-26,Trả nợ,"100,000",Thương,0,,,,
2011-11-26,Ăn sáng,"60,000",Với Thương,0,,,,
2011-11-26,Gửi xe,"1,000",Trường SPKT,0,,,,
2011-11-26,Đổ xăng,"50,000",,0,,,,
2011-11-26,Ăn trưa,"35,000",,0,,,,
2011-11-26,Ăn tối,"26,000",,0,,,,
2011-11-26,Linh tinh,"9,000",Nước ngọt,0,,,,
2011-11-27,Linh tinh,"10,000","Chơi nhà Hồng 3 Mùi, thua bài điểm",0,,,,
2011-11-27,Ăn tối,"15,000",,0,,,,
2011-11-28,Ăn sáng,"24,000",,0,,,,
2011-11-28,Ăn tối,"15,000",,0,,,,
2011-11-28,Đổ xăng,"50,000",,0,,,,
2011-11-29,Ăn sáng,"31,000",,0,,,,
2011-11-29,Gửi xe,"3,000",,0,,,,
2011-11-30,Ăn sáng,"32,000",,0,,,,
2011-11-30,Ăn tối,"15,000",,0,,,,
2011-11-30,Linh tinh,"20,000",Sinh tố,0,,,,
2011-12-01,Ăn sáng,"22,000",,0,,,,
2011-12-01,Ăn tối,"24,000",,0,,,,
2011-12-02,Ăn sáng,"36,000",,0,,,,
2011-12-02,Thu tiền mượn,"-500,000",Cường,0,,,,
2011-12-02,Thu tiền mượn,"-100,000",Xuân Thịnh,0,,,,
2011-12-02,Mượn,"-500,000",Ngân,0,,,,
2011-12-02,Ăn tối,"27,000",,0,,,,
2011-12-02,Cà phê,"80,000",,0,,,,
2011-12-03,Linh tinh,"60,000",Thay kiếng chiếu hậu xe,0,,,,
2011-12-03,Thu tiền mượn,"-100,000",Loan,0,,,,
2011-12-03,Đổ xăng,"50,000",,0,,,,
2011-12-03,Thu tiền mượn,"-300,000",Nhựt,0,,,,
2011-12-03,Linh tinh,"15,000",Rửa xe,0,,,,
2011-12-03,Ăn tối,"12,000",Bánh mì,0,,,,
2011-12-03,Linh tinh,"7,000",Nước ngọt,0,,,,
2011-12-04,Linh tinh,"8,000",2 ống keo 502,0,,,,
2011-12-04,Ăn sáng,"10,000",,0,,,,
2011-12-04,Linh tinh,"300,000",Đám cưới Nghĩa,0,,,,
2011-12-04,Cho mượn,"400,000",Thu,0,,,,
2011-12-04,Linh tinh,"100,000",Karaoke với các bạn 061,0,,,,
2011-12-04,Đổ xăng,"50,000",,0,,,,
2011-12-05,Ăn tối,"21,000",,0,,,,
2011-12-06,Ăn sáng,"27,000",,0,,,,
2011-12-06,Rút tài khoản,"-1,500,000",,0,,,,
2011-12-06,Ăn trưa,"15,000",,0,,,,
2011-12-06,Đá banh,"50,000",Với Nhân,0,,,,
2011-12-06,Gửi xe,"3,000",,0,,,,
2011-12-06,Linh tinh,"15,000",Nước ngọt,0,,,,
2011-12-07,Ăn trưa,"20,000",,0,,,,
2011-12-07,Ăn tối,"27,000",,0,,,,
2011-12-07,Linh tinh,"50,000","Vé xem phim (tổng cộng 550.000, chị Hai trả lại 500.000 vào ngày 31/12/2011",0,,,,
2011-12-07,Gửi xe,"2,000",,0,,,,
2011-12-07,Cà phê,"47,000",,0,,,,
2011-12-08,Ăn sáng,"28,000",,0,,,,
2011-12-08,Ăn tối,"25,000",,0,,,,
2011-12-08,Linh tinh,"40,000",Nón bảo hiểm,0,,,,
2011-12-08,Linh tinh,"115,000",Nước ngọt + bắp rang bơ,0,,,,
2011-12-08,Gửi xe,"2,000",,0,,,,
2011-12-08,Đổ xăng,"50,000",,0,,,,
2011-12-09,Ăn trưa,"15,000",,0,,,,
2011-12-09,Linh tinh,"10,000",Hamburger,0,,,,
2011-12-09,Ăn tối,"20,000",,0,,,,
2011-12-10,Linh tinh,"30,000",Đánh cờ domino,0,,,,
2011-12-11,Ăn sáng,"16,000",,0,,,,
2011-12-11,Gửi xe,"3,000",,0,,,,
2011-12-11,Ăn trưa,"8,000",,0,,,,
2011-12-11,Trả nợ,"500,000",Ngân,0,,,,
2011-12-11,Linh tinh,"46,000",Ăn chè,0,,,,
2011-12-11,Cho mượn,"200,000",Nhân,0,,,,
2011-12-12,Ăn sáng,"24,000",,0,,,,
2011-12-12,Rút tài khoản,"-1,000,000",,0,,,,
2011-12-12,Cho mượn,"300,000",Nhân,0,,,,
2011-12-12,Ăn trưa,"15,000",,0,,,,
2011-12-12,Ăn trưa,"300,000",Đặt cơm trưa của chị Hiển (Xian),0,,,,
2011-12-12,Ăn tối,"15,000",,0,,,,
2011-12-13,Ăn sáng,"30,000",,0,,,,
2011-12-13,Ăn trưa,"30,000",,0,,,,
2011-12-13,Linh tinh,"10,000",Hamburger,0,,,,
2011-12-13,Đá banh,"50,000",,0,,,,
2011-12-13,Gửi xe,"3,000",,0,,,,
2011-12-13,Ăn tối,"24,000",,0,,,,
2011-12-14,Ăn sáng,"24,000",,0,,,,
2011-12-14,Đổ xăng,"50,000",,0,,,,
2011-12-14,Ăn trưa,"20,000",,0,,,,
2011-12-14,Ăn tối,"15,000",,0,,,,
2011-12-15,Ăn trưa,"15,000",,0,,,,
2011-12-15,Gửi xe,"4,000",,0,,,,
2011-12-15,Ăn tối,"15,000",,0,,,,
2011-12-15,Linh tinh,"28,000","Sinh tố (Nhân nhờ mua chung cá độ, ko lấy tiền mà trừ tiền phòng luôn)",0,,,,
2011-12-15,Linh tinh,"15,000",Kem đánh răng,0,,,,
2011-12-15,Thu tiền mượn,"-800,000",Nhân,0,,,,
2011-12-15,Phòng,"800,000",,0,,,,
2011-12-16,Ăn trưa,"15,000",,0,,,,
2011-12-16,Linh tinh,"60,000",Team Building,0,,,,
2011-12-17,Rút tài khoản,"-1,000,000",,0,,,,
2011-12-17,Ăn tối,"27,000",,0,,,,
2011-12-17,Thu tiền mượn,"-200,000",Lai,0,,,,
2011-12-17,Linh tinh,"200,000",Xem Guitar Gala kỷ niệm 55 năm thành lập khoa guitar Nhạc Viện TPHCM,0,,,,
2011-12-17,Gửi xe,"5,000",,0,,,,
2011-12-18,Ăn sáng,"30,000",,0,,,,
2011-12-18,Đổ xăng,"50,000",,0,,,,
2011-12-18,Ăn tối,"25,000",,0,,,,
2011-12-19,Ăn sáng,"8,000",,0,,,,
2011-12-19,Ăn trưa,"22,000",,0,,,,
2011-12-20,Ăn trưa,"30,000",,0,,,,
2011-12-20,Hớt tóc,"25,000",,0,,,,
2011-12-20,Linh tinh,"8,000",Hamburger,0,,,,
2011-12-20,Gửi xe,"3,000",,0,,,,
2011-12-20,Ăn tối,"24,000",,0,,,,
2011-12-21,Ăn sáng,"26,000",,0,,,,
2011-12-21,Ăn trưa,"21,000",,0,,,,
2011-12-22,Ăn sáng,"8,000",,0,,,,
2011-12-22,Ăn trưa,"21,000",,0,,,,
2011-12-22,Cà phê,"40,000",,0,,,,
2011-12-22,Thu tiền mượn,"-1,500,000",Linh,0,,,,
2011-12-22,Linh tinh,"14,000",Nước ngọt,0,,,,
2011-12-23,Ăn trưa,"18,000",,0,,,,
2011-12-23,Ăn tối,"52,000",,0,,,,
2011-12-23,Gửi xe,"10,000","Đi chơi Noel với Mỹ, Thoa, Lai",0,,,,
2011-12-24,Ăn sáng,"10,000",,0,,,,
2011-12-24,Đổ xăng,"50,000",,0,,,,
2011-12-24,Gửi xe,"3,000",Sân bóng,0,,,,
2011-12-24,Cho,"20,000",Nhân,0,,,,
2011-12-24,Ăn trưa,"10,000",,0,,,,
2011-12-24,Ăn tối,"15,000",,0,,,,
2011-12-25,Linh tinh,"180,000",Sửa xe,0,,,,
2011-12-25,Linh tinh,"3,000",Đá lạnh,0,,,,
2011-12-26,Ăn sáng,"20,000",,0,,,,
2011-12-26,Ăn trưa,"25,000",,0,,,,
2011-12-27,Ăn trưa,"17,000",,0,,,,
2011-12-27,Gửi xe,"3,000",,0,,,,
2011-12-27,Ăn tối,"24,000",,0,,,,
2011-12-28,Ăn sáng,"6,000",,0,,,,
2011-12-28,Ăn trưa,"21,000",,0,,,,
2011-12-28,Linh tinh,"2,000",Đá lạnh,0,,,,
2011-12-29,Ăn sáng,"10,000",,0,,,,
2011-12-29,Ăn trưa,"21,000",,0,,,,
2011-12-29,Ăn tối,"16,000",,0,,,,
2011-12-29,Linh tinh,"4,000",Đá lạnh + dầu gội,0,,,,
2011-12-30,Ăn sáng,"6,000",,0,,,,
2011-12-30,Ăn trưa,"24,000",,0,,,,
2011-12-30,Linh tinh,"18,000","Thuốc sổ mũi, hắt hơi",0,,,,
2011-12-30,Rút tài khoản,"-2,000,000",,0,,,,
2011-12-30,Nhậu,"150,000",,0,,,,
2011-12-30,Đổ xăng,"50,000",,0,,,,
2011-12-31,Cho mượn,"3,000,000",Chị Hai,0,,,,
2011-12-31,Nhậu,"430,000",Họp lớp đại học (nhậu + karaoke + chè),0,,,,
2011-12-31,Gửi xe,"2,000",,0,,,,
2011-12-31,Rút tài khoản,"-8,000,000",,0,,,,
2011-12-31,Cho mượn,"6,000,000",Chị Hai,0,,,,
2012-01-01,Ăn trưa,"34,000",,0,,,,
2012-01-01,Linh tinh,"50,000","Ăn uống nhà Bống, Lệ cùng với Hồng 3 Mùi, Nghi 9 Ruộng, Quý bạn Hồng",0,,,,
2012-01-01,Đổ xăng,"50,000",,0,,,,
2012-01-02,Ăn trưa,"24,000",,0,,,,
2012-01-02,Thay nhớt,"75,000",,0,,,,
2012-01-02,Ăn tối,"92,000",,0,,,,
2012-01-02,Gửi xe,"6,000",Dinh Độc Lập + Siêu thị điện máy Chợ Lớn,0,,,,
2012-01-02,Cà phê,"78,000",Nghe guitar cùng Mỹ,0,,,,
2012-01-03,Ăn sáng,"24,000",,0,,,,
2012-01-03,Ăn trưa,"15,000",,0,,,,
2012-01-03,Linh tinh,"10,000",Hamburger,0,,,,
2012-01-03,Gửi xe,"3,000",,0,,,,
2012-01-03,Đá banh,"30,000",,0,,,,
2012-01-03,Ăn tối,"28,000",,0,,,,
2012-01-04,Ăn trưa,"18,000",,0,,,,
2012-01-05,Ăn sáng,"24,000",,0,,,,
2012-01-05,Ăn trưa,"17,000",,0,,,,
2012-01-05,Ăn tối,"15,000",,0,,,,
2012-01-05,Linh tinh,"20,000",Sinh tố,0,,,,
2012-01-06,Ăn sáng,"10,000",,0,,,,
2012-01-06,Ăn trưa,"25,000",,0,,,,
2012-01-06,Linh tinh,"24,000",Bánh mì,0,,,,
2012-01-06,Cho mượn,"300,000",Nhân,0,,,,
2012-01-07,Thu tiền mượn,"-200,000",Nhân,0,,,,
2012-01-07,Đổ xăng,"50,000",,0,,,,
2012-01-07,Ăn trưa,"17,000",,0,,,,
2012-01-07,Linh tinh,"15,000",Bánh mì cho Nhân,0,,,,
2012-01-07,Linh tinh,"26,000","Uống nước với Mỹ, Thoa tại BV Chấn Thương Chỉnh Hình",0,,,,
2012-01-07,Gửi xe,"5,000",BV Chấn Thương Chỉnh Hình,0,,,,
2012-01-08,Linh tinh,"27,000",Nước uống,0,,,,
2012-01-08,Gửi xe,"2,000",Trường SPKT,0,,,,
2012-01-08,Thu tiền mượn,"-100,000",Bình,0,,,,
2012-01-08,Nhậu,"150,000","Lễ tốt nghiệp Phong, Bình",0,,,,
2012-01-08,Ăn tối,"30,000",Bánh mì,0,,,,
2012-01-08,Thu tiền mượn,"-200,000",Nhựt,0,,,,
2012-01-08,Linh tinh,"30,000",Sinh tố,0,,,,
2012-01-09,Ăn sáng,"24,000",,0,,,,
2012-01-09,Nợ,"-20,000",Bà bán bánh mì,0,,,,
2012-01-09,Ăn trưa,"25,000",,0,,,,
2012-01-09,Ăn tối,"28,000",,0,,,,
2012-01-09,Cho mượn,"200,000",Nhân,0,,,,
2012-01-10,Ăn sáng,"8,000",,0,,,,
2012-01-10,Ăn trưa,"18,000",,0,,,,
2012-01-10,Cho,"100,000",Ủng hộ Vân An (Gameloft),0,,,,
2012-01-10,Gửi xe,"3,000",,0,,,,
2012-01-10,Đá banh,"60,000",Với Nhân,0,,,,
2012-01-10,Đổ xăng,"50,000",,0,,,,
2012-01-10,Nhậu,"100,000","Với nhóm đá banh, trả dùm Nhân 100k, thu lại vào ngày 14/1",0,,,,
2012-01-11,Ăn sáng,"10,000",Bánh mì,0,,,,
2012-01-11,Ăn trưa,"21,000",,0,,,,
2012-01-11,Ăn tối,"45,000",,0,,,,
2012-01-12,Ăn sáng,"8,000",,0,,,,
2012-01-12,Ăn trưa,"26,000",,0,,,,
2012-01-12,Ăn tối,"15,000",,0,,,,
2012-01-13,Ăn sáng,"12,000",,0,,,,
2012-01-13,Trả nợ,"20,000",Bà bán bánh mì,0,,,,
2012-01-13,Ăn trưa,"21,000",,0,,,,
2012-01-14,Linh tinh,"2,000",Bơm xe,0,,,,
2012-01-14,Ăn tối,"15,000",,0,,,,
2012-01-14,Đổ xăng,"40,000",,0,,,,
2012-01-14,Linh tinh,"1,000",Góp tiền trà sữa với Dung (Đồng Nai),0,,,,
2012-01-14,Linh tinh,"30,000","Nước mía, cá viên chiên",0,,,,
2012-01-15,Thu tiền mượn,"-700,000",Thu,0,,,,
2012-01-15,Linh tinh,"34,000",Trà sữa,0,,,,
2012-01-15,Nhậu,"200,000",,0,,,,
2012-01-16,Ăn sáng,"6,000",,0,,,,
2012-01-16,Đổ xăng,"50,000",,0,,,,
2012-01-16,Linh tinh,"152,000","Sách Cuộc sống thay đổi khi chúng ta thay đổi, Những sai lầm của cha mẹ",0,,,,
2012-01-17,Linh tinh,"500,000",Vé xe,0,,,,
2012-01-17,Đá banh,"30,000",,0,,,,
2012-01-17,Gửi xe,"3,000",Sân banh,0,,,,
2012-01-17,Nhậu,"100,000",Với nhóm đá banh,0,,,,
2012-01-17,Linh tinh,"20,000",Sinh tố,0,,,,
2012-01-18,Ăn trưa,"18,000",,0,,,,
2012-01-18,Linh tinh,"98,000",Nạp card điện thoại,0,,,,
2012-01-18,Ăn tối,"28,000",,0,,,,
2012-01-18,Linh tinh,"15,000",Nước ngọt,0,,,,
2012-01-18,Thu tiền mượn,"-800,000",Nhân,0,,,,
2012-01-18,Phòng,"800,000",,0,,,,
2012-01-19,Rút tài khoản,"-1,300,000",,0,,,,
2012-01-19,Ăn trưa,"25,000",,0,,,,
2012-01-19,Linh tinh,"43,000",Bánh bao + nước uống,0,,,,
2012-01-21,Linh tinh,"5,000",Bàn chải đánh răng,0,,,,
2012-01-21,Linh tinh,"350,000",Quần áo,0,,,,
2012-01-23,Nhậu,"50,000",Lớp 12A,0,,,,
2012-01-25,Linh tinh,"15,000",Đánh bài với gia đình,0,,,,
2012-01-25,Linh tinh,"70,000",Karaoke + Bánh xèo,0,,,,
2012-01-26,Thu,"-60,000",Má cho để lì xì,0,,,,
2012-01-26,Thu,"-15,000",Đánh bài với gia đình,0,,,,
2012-01-27,Thu tiền mượn,"-100,000",Trúc,0,,,,
2012-01-27,Linh tinh,"137,000",Họp lớp 12A + đánh bài + karaoke,0,,,,
2012-01-29,Ăn sáng,"44,000",,0,,,,
2012-01-29,Linh tinh,"12,000",Nước ngọt,0,,,,
2012-01-29,Đổ xăng,"50,000",,0,,,,
2012-01-29,Ăn trưa,"22,000",,0,,,,
2012-01-29,Thu,"-5,000",Loan lì xì,0,,,,
2012-01-29,Linh tinh,"10,000",Lì xì Loan,0,,,,
2012-01-29,Ăn tối,"50,000",Với Loan,0,,,,
2012-01-30,Ăn sáng,"10,000",,0,,,,
2012-01-30,Ăn trưa,"17,000",,0,,,,
2012-01-30,Ăn tối,"26,000",,0,,,,
2012-01-31,Ăn sáng,"10,000",,0,,,,
2012-01-31,Ăn trưa,"24,000",,0,,,,
2012-01-31,Ăn tối,"12,000",,0,,,,
2012-01-31,Đổ xăng,"50,000",,0,,,,
2012-01-31,Gửi xe,"3,000",,0,,,,
2012-01-31,Linh tinh,"8,000",Nước ngọt,0,,,,
2012-02-01,Linh tinh,"2,000",Bơm lốp xe,0,,,,
2012-02-01,Ăn sáng,"20,000",,0,,,,
2012-02-01,Ăn trưa,"30,000",,0,,,,
2012-02-01,Ăn tối,"15,000",,0,,,,
2012-02-01,Cho,"5,000",Lì xì Lệ bà Đức,0,,,,
2012-02-02,Ăn sáng,"10,000",,0,,,,
2012-02-02,Ăn trưa,"24,000",,0,,,,
2012-02-02,Nhậu,"100,000",,0,,,,
2012-02-03,Đổ xăng,"50,000",,0,,,,
2012-02-03,Ăn sáng,"10,000",,0,,,,
2012-02-03,Ăn trưa,"22,000",,0,,,,
2012-02-03,Ăn tối,"12,000",,0,,,,
2012-02-04,Rút tài khoản,"-4,000,000",,0,,,,
2012-02-04,Cho mượn,"3,000,000",Nhân,0,,,,
2012-02-04,Linh tinh,"17,000",Rửa xe,0,,,,
2012-02-04,Ăn tối,"20,000",,0,,,,
2012-02-04,Linh tinh,"21,000","Sinh tố, rau má",0,,,,
2012-02-05,Ăn trưa,"17,000",,0,,,,
2012-02-05,Linh tinh,"48,000","Lăn khử mùi, sữa rửa mặt",0,,,,
2012-02-05,Đổ xăng,"40,000",,0,,,,
2012-02-05,Ăn tối,"10,000",,0,,,,
2012-02-06,Ăn sáng,"10,000",,0,,,,
2012-02-06,Ăn trưa,"22,000",,0,,,,
2012-02-06,Ăn tối,"17,000",,0,,,,
2012-02-06,Linh tinh,"210,000",Quạt máy,0,,,,
2012-02-07,Ăn trưa,"22,000",,0,,,,
2012-02-07,Đá banh,"20,000",,0,,,,
2012-02-07,Gửi xe,"3,000",,0,,,,
2012-02-07,Ăn tối,"38,000",,0,,,,
2012-02-08,Ăn trưa,"23,000",,0,,,,
2012-02-08,Ăn tối,"17,000",,0,,,,
2012-02-08,Đổ xăng,"50,000",,0,,,,
2012-02-08,Linh tinh,"15,000",BCS,0,,,,
2012-02-09,Ăn sáng,"36,000",,0,,,,
2012-02-09,Ăn trưa,"22,000",,0,,,,
2012-02-09,Cho mượn,"300,000",Nhân,0,,,,
2012-02-09,Cà phê,"50,000","Cafe guitar với Loan, Truyền, Diễm",0,,,,
2012-02-10,Ăn sáng,"11,000",,0,,,,
2012-02-10,Ăn trưa,"22,000",,0,,,,
2012-02-10,Cà phê,"126,000",Guitar Gỗ với Mỹ,0,,,,
2012-02-11,Cho,"10,000","Lì xì Thu, Thương",0,,,,
2012-02-11,Đổ xăng,"50,000",,0,,,,
2012-02-11,Cà phê,"18,000",Một mình,0,,,,
2012-02-12,Ăn trưa,"21,000",,0,,,,
2012-02-12,Gửi xe,"3,000",Rạp Tân Bình,0,,,,
2012-02-12,Rút tài khoản,"-1,000,000",,0,,,,
2012-02-12,Gửi xe,"3,000",Rạp Tân Bình,0,,,,
2012-02-12,Linh tinh,"68,000","Bắp, nước ngọt (xem phim vé 130k+10k, thanh toán qua mạng)",0,,,,
2012-02-13,Ăn sáng,"10,000",,0,,,,
2012-02-13,Ăn trưa,"22,000",,0,,,,
2012-02-13,Ăn tối,"28,000",,0,,,,
2012-02-14,Ăn sáng,"10,000",,0,,,,
2012-02-14,Ăn trưa,"22,000",,0,,,,
2012-02-14,Gửi xe,"3,000",,0,,,,
2012-02-14,Nhậu,"50,000",,0,,,,
2012-02-14,Đổ xăng,"30,000",,0,,,,
2012-02-14,Linh tinh,"260,000",KS,0,,,,
2012-02-15,Ăn sáng,"10,000",,0,,,,
2012-02-15,Ăn trưa,"26,000",,0,,,,
2012-02-15,Rút tài khoản,"-500,000",,0,,,,
2012-02-15,Ăn tối,"17,000",,0,,,,
2012-02-15,Cà phê,"130,000",,0,,,,
2012-02-15,Thu tiền mượn,"-3,000,000",Nhân,0,,,,
2012-02-15,Phòng,"800,000",,0,,,,
2012-02-16,Ăn trưa,"22,000",,0,,,,
2012-02-16,Ăn tối,"17,000",,0,,,,
2012-02-16,Linh tinh,"40,000","Sữa, kem đánh răng",0,,,,
2012-02-17,Ăn sáng,"36,000",,0,,,,
2012-02-17,Đổ xăng,"50,000",,0,,,,
2012-02-17,Ăn trưa,"18,000",,0,,,,
2012-02-17,Ăn tối,"25,000",,0,,,,
2012-02-17,Cà phê,"60,000",,0,,,,
2012-02-18,Ăn trưa,"19,000",,0,,,,
2012-02-18,Ăn tối,"15,000",,0,,,,
2012-02-18,Cà phê,"175,000",,0,,,,
2012-02-19,Ăn sáng,"15,000",,0,,,,
2012-02-19,Linh tinh,"20,000",2 lon bò húc,0,,,,
2012-02-19,Ăn trưa,"14,000",,0,,,,
2012-02-19,Ăn tối,"25,000",,0,,,,
2012-02-19,Cà phê,"50,000",,0,,,,
2012-02-20,Ăn sáng,"10,000",,0,,,,
2012-02-20,Ăn trưa,"19,000",,0,,,,
2012-02-20,Ăn tối,"22,000",Bánh bao + bánh mì,0,,,,
2012-02-20,Linh tinh,"20,000",2 lon bò húc,0,,,,
2012-02-20,Đổ xăng,"50,000",,0,,,,
2012-02-21,Ăn sáng,"10,000",,0,,,,
2012-02-21,Ăn trưa,"22,000",,0,,,,
2012-02-21,Đá banh,"10,000",,0,,,,
2012-02-21,Gửi xe,"3,000",,0,,,,
2012-02-22,Cho mượn,"500,000",Nhân,0,,,,
2012-02-22,Ăn sáng,"17,000",,0,,,,
2012-02-22,Linh tinh,"20,000",Vé số,0,,,,
2012-02-22,Ăn trưa,"17,000",,0,,,,
2012-02-22,Ăn tối,"24,000",,0,,,,
2012-02-23,Ăn sáng,"22,000",,0,,,,
2012-02-23,Ăn trưa,"22,000",,0,,,,
2012-02-23,Ăn tối,"27,000",,0,,,,
2012-02-23,Linh tinh,"20,000",Nước cam,0,,,,
2012-02-24,Ăn trưa,"18,000",,0,,,,
2012-02-24,Ăn tối,"43,000",,0,,,,
2012-02-25,Hớt tóc,"25,000",,0,,,,
2012-02-26,Đổ xăng,"50,000",,0,,,,
2012-02-27,Ăn sáng,"10,000",,0,,,,
2012-02-27,Ăn trưa,"18,000",,0,,,,
2012-02-27,Ăn tối,"17,000",,0,,,,
2012-02-28,Ăn sáng,"50,000",,0,,,,
2012-02-28,Ăn trưa,"20,000",,0,,,,
2012-02-28,Đá banh,"10,000",,0,,,,
2012-02-28,Gửi xe,"3,000",,0,,,,
2012-02-28,Ăn tối,"12,000",,0,,,,
2012-02-29,Ăn sáng,"10,000",,0,,,,
2012-02-29,Ăn trưa,"26,000",,0,,,,
2012-02-29,Ăn tối,"25,000",,0,,,,
2012-02-29,Cà phê,"58,000",,0,,,,
2012-03-01,Ăn sáng,"30,000",,0,,,,
2012-03-01,Ăn trưa,"15,000",,0,,,,
2012-03-01,Gửi xe,"3,000",,0,,,,
2012-03-01,Đá banh,"30,000",,0,,,,
2012-03-01,Ăn tối,"15,000",,0,,,,
2012-03-02,Ăn sáng,"15,000",,0,,,,
2012-03-02,Ăn trưa,"27,000",,0,,,,
2012-03-02,Linh tinh,"31,000","Sữa, nước ngọt",0,,,,
2012-03-02,Ăn tối,"29,000",,0,,,,
2012-03-02,Đổ xăng,"50,000",,0,,,,
2012-03-02,Cà phê,"50,000",,0,,,,
2012-03-02,Linh tinh,"36,000",Bánh mì,0,,,,
2012-03-02,Linh tinh,"23,000",Nước ngọt,0,,,,
2012-03-03,Gửi xe,"3,000",eTown,0,,,,
2012-03-03,Ăn trưa,"17,000",,0,,,,
2012-03-03,Linh tinh,"5,000",Cafe,0,,,,
2012-03-03,Ăn tối,"13,000",,0,,,,
2012-03-03,Cà phê,"39,000",,0,,,,
2012-03-03,Linh tinh,"35,000","Bánh mì, nước ngọt",0,,,,
2012-03-04,Linh tinh,"140,000",Đi chơi,0,,,,
2012-03-04,Ăn tối,"42,000",,0,,,,
2012-03-04,Cho mượn,"100,000",Nhân,0,,,,
2012-03-05,Ăn sáng,"15,000",,0,,,,
2012-03-05,Ăn trưa,"15,000",,0,,,,
2012-03-06,Ăn sáng,"10,000",,0,,,,
2012-03-06,Ăn trưa,"15,000",,0,,,,
2012-03-06,Đá banh,"10,000",,0,,,,
2012-03-06,Gửi xe,"3,000",,0,,,,
2012-03-06,Thu tiền mượn,"-600,000",Nhân,0,,,,
2012-03-07,Ăn sáng,"20,000",,0,,,,
2012-03-07,Đổ xăng,"50,000",,0,,,,
2012-03-07,Ăn trưa,"15,000",,0,,,,
2012-03-07,Linh tinh,"5,000",Nước mía,0,,,,
2012-03-07,Linh tinh,"90,000","Nước ngọt + bỏng ngô (xem phim với Châu, Nhân)",0,,,,
2012-03-08,Ăn sáng,"22,000",,0,,,,
2012-03-08,Linh tinh,"20,000",Góp tiền mua quà cho c.Thanh producer,0,,,,
2012-03-08,Ăn trưa,"15,000",,0,,,,
2012-03-09,Ăn sáng,"36,000",,0,,,,
2012-03-09,Ăn trưa,"15,000",,0,,,,
2012-03-09,Ăn tối,"28,000",,0,,,,
2012-03-09,Linh tinh,"183,000","Sách, bàn chải, kem đánh răng, sữa rửa mặt",0,,,,
2012-03-10,Ăn sáng,"10,000",,0,,,,
2012-03-10,Ăn tối,"16,000",,0,,,,
2012-03-11,Ăn trưa,"17,000",,0,,,,
2012-03-11,Đổ xăng,"50,000",,0,,,,
2012-03-11,Cà phê,"70,000","Với Thu, Thanh Bình",0,,,,
2012-03-11,Linh tinh,"20,000",Vé số,0,,,,
2012-03-11,Nhậu,"204,000","Với Thu, Thương",0,,,,
2012-03-12,Ăn sáng,"15,000",,0,,,,
2012-03-12,Ăn trưa,"15,000",,0,,,,
2012-03-12,Rút tài khoản,"-1,500,000",,0,,,,
2012-03-12,Cho mượn,"500,000",Nhân,0,,,,
2012-03-12,Ăn tối,"17,000",,0,,,,
2012-03-13,Ăn sáng,"10,000",,0,,,,
2012-03-13,Ăn trưa,"29,000",,0,,,,
2012-03-14,Ăn sáng,"15,000",,0,,,,
2012-03-14,Cho,"20,000",Thăm vợ anh Lộc,0,,,,
2012-03-14,Ăn trưa,"30,000",,0,,,,
2012-03-14,Ăn tối,"17,000",,0,,,,
2012-03-14,Thu tiền mượn,"-800,000",Nhân,0,,,,
2012-03-14,Phòng,"800,000",,0,,,,
2012-03-15,Ăn sáng,"10,000",,0,,,,
2012-03-15,Ăn trưa,"35,000",,0,,,,
2012-03-15,Rút tài khoản,"-1,000,000","Cho Nhân mượn, trả ngay trong tối hôm đó",0,,,,
2012-03-15,Đổ xăng,"50,000",,0,,,,
2012-03-15,Nhậu,"150,000",Sinh nhật Nhân,0,,,,
2012-03-16,Ăn trưa,"30,000",,0,,,,
2012-03-16,Nhậu,"100,000",,0,,,,
2012-03-16,Cà phê,"120,000",Sao Mai,0,,,,
2012-03-17,Linh tinh,"2,000",Phụ tiền photo giấy tờ của Hai,0,,,,
2012-03-17,Nhậu,"150,000","Với Nhân, Nghĩa, Lâm, Huy, Duy & bồ Duy",0,,,,
2012-03-18,Cà phê,"52,000","+ ăn sáng với Nhân, Nghĩa, Lâm, Huy",0,,,,
2012-03-18,Gửi xe,"6,000",Gửi xe nhà Ngũ,0,,,,
2012-03-18,Linh tinh,"325,000","Karaoke với Nhân, Nghĩa, Ngũ, em Ngũ, Châu",0,,,,
2012-03-19,Đổ xăng,"50,000",,0,,,,
2012-03-19,Ăn sáng,"15,000",,0,,,,
2012-03-19,Ăn trưa,"30,000",,0,,,,
2012-03-19,Linh tinh,"25,000",Cắt chìa khóa,0,,,,
2012-03-19,Linh tinh,"5,000",Nước mía,0,,,,
2012-03-19,Ăn tối,"29,000",,0,,,,
2012-03-19,Cà phê,"240,000",Sao Mai,0,,,,
2012-03-20,Ăn sáng,"10,000",,0,,,,
2012-03-20,Ăn trưa,"30,000",,0,,,,
2012-03-20,Rút tài khoản,"-1,000,000",,0,,,,
2012-03-20,Linh tinh,"93,000",Quà cho bé Minh Quân,0,,,,
2012-03-20,Gửi xe,"3,000",Siêu thị Maximark,0,,,,
2012-03-21,Ăn sáng,"20,000",,0,,,,
2012-03-21,Ăn trưa,"30,000",,0,,,,
2012-03-21,Linh tinh,"7,000",Bánh mì que,0,,,,
2012-03-21,Ăn tối,"17,000",,0,,,,
2012-03-21,Cho mượn,"100,000",Nhân,0,,,,
2012-03-22,Ăn sáng,"24,000",,0,,,,
2012-03-22,Ăn trưa,"50,000",,0,,,,
2012-03-22,Ăn tối,"25,000",,0,,,,
2012-03-22,Đổ xăng,"50,000",,0,,,,
2012-03-22,Cà phê,"40,000","Với Loan, Lệ, bạn Loan...",0,,,,
2012-03-23,Ăn sáng,"10,000",,0,,,,
2012-03-23,Ăn trưa,"10,000",,0,,,,
2012-03-23,Ăn tối,"28,000",,0,,,,
2012-03-23,Linh tinh,"72,000",Quà sinh nhật Mỹ,0,,,,
2012-03-23,Gửi xe,"3,000",Siêu thị Maximark,0,,,,
2012-03-24,Ăn trưa,"17,000",,0,,,,
2012-03-24,Ăn tối,"27,000",,0,,,,
2012-03-25,Ăn sáng,"20,000",,0,,,,
2012-03-25,Ăn trưa,"21,000",,0,,,,
2012-03-25,Thay nhớt,"75,000","+ Bơm lốp, tăng xên",0,,,,
2012-03-25,Ăn tối,"70,000",,0,,,,
2012-03-26,Ăn sáng,"15,000",,0,,,,
2012-03-26,Ăn trưa,"30,000",,0,,,,
2012-03-26,Ăn tối,"13,000",,0,,,,
2012-03-26,Linh tinh,"10,000",Nước mía với Yến,0,,,,
2012-03-27,Ăn sáng,"10,000",,0,,,,
2012-03-27,Ăn trưa,"30,000",,0,,,,
2012-03-27,Gửi xe,"3,000",,0,,,,
2012-03-27,Đá banh,"20,000",Trả dùm Nhân 10.000,0,,,,
2012-03-27,Ăn tối,"12,000",,0,,,,
2012-03-27,Đổ xăng,"50,000",,0,,,,
2012-03-28,Cho mượn,"100,000",Nhân,0,,,,
2012-03-28,Ăn sáng,"15,000",,0,,,,
2012-03-28,Ăn trưa,"30,000",,0,,,,
2012-03-28,Ăn tối,"16,000",,0,,,,
2012-03-29,Ăn sáng,"10,000",,0,,,,
2012-03-29,Ăn trưa,"32,000",,0,,,,
2012-03-29,Ăn tối,"17,000",,0,,,,
2012-03-30,Ăn sáng,"24,000",,0,,,,
2012-03-31,Ăn sáng,"12,000",,0,,,,
2012-03-31,Ăn tối,"25,000",,0,,,,
2012-03-31,Gửi xe,"4,000","Xem phim với Nhân, Châu",0,,,,
2012-03-31,Cà phê,"90,000","Với Nhân, Châu",0,,,,
2012-03-31,Linh tinh,"30,000",Bánh mì,0,,,,
2012-03-31,Linh tinh,"23,000",Nước ngọt,0,,,,
2012-04-01,Ăn sáng,"15,000",,0,,,,
2012-04-01,Linh tinh,"40,000","Chơi PES với Nhân, Nghĩa",0,,,,
2012-04-01,Ăn tối,"20,000",,0,,,,
2012-04-02,Ăn sáng,"10,000",,0,,,,
2012-04-02,Ăn tối,"25,000",,0,,,,
2012-04-03,Ăn sáng,"10,000",,0,,,,
2012-04-03,Rút tài khoản,"-1,000,000",,0,,,,
2012-04-03,Đổ xăng,"50,000",,0,,,,
2012-04-03,Gửi xe,"3,000",Sân banh,0,,,,
2012-04-03,Đá banh,"10,000",,0,,,,
2012-04-03,Nhậu,"100,000",Trả dùm Nhân 50.000,0,,,,
2012-04-04,Ăn sáng,"15,000",,0,,,,
2012-04-04,Ăn trưa,"100,000",,0,,,,
2012-04-04,Linh tinh,"18,000",Bánh mì que + trả nợ a Đường,0,,,,
2012-04-05,Ăn sáng,"20,000",,0,,,,
2012-04-05,Ăn trưa,"30,000",,0,,,,
2012-04-05,Linh tinh,"140,000",Vé xem phim cho thứ 7 (+1 vé cho cThanh),0,,,,
2012-04-05,Ăn tối,"22,000",,0,,,,
2012-04-05,Linh tinh,"15,000",Nước ngọt,0,,,,
2012-04-06,Ăn sáng,"10,000",,0,,,,
2012-04-06,Ăn trưa,"30,000",,0,,,,
2012-04-06,Nhậu,"210,000","Nhậu + Karaoke với Châu, Nhân, Huy, Ngũ, Lượng",0,,,,
2012-04-07,Rút tài khoản,"-1,000,000",,0,,,,
2012-04-07,Gửi xe,"3,000",,0,,,,
2012-04-07,Đổ xăng,"50,000",,0,,,,
2012-04-07,Ăn tối,"100,000",Với team Android,0,,,,
2012-04-07,Cà phê,"110,000",,0,,,,
2012-04-08,Ăn sáng,"15,000",,0,,,,
2012-04-08,Ăn tối,"13,000",,0,,,,
2012-04-09,Ăn sáng,"10,000",,0,,,,
2012-04-09,Thu tiền mượn,"-1,000,000",Nhân,0,,,,
2012-04-10,Ăn sáng,"10,000",,0,,,,
2012-04-10,Thu,"-100,000",Mừng sinh nhật của công ty,0,,,,
2012-04-10,Gửi xe,"3,000",,0,,,,
2012-04-10,Ăn tối,"12,000",,0,,,,
2012-04-11,Linh tinh,"52,000",2 lốc sữa Cô Gái Hà Lan,0,,,,
2012-04-11,Ăn trưa,"30,000",,0,,,,
2012-04-11,Nhậu,"100,000",Với team MKP,0,,,,
2012-04-12,Ăn sáng,"24,000",,0,,,,
2012-04-12,Ăn trưa,"90,000",,0,,,,
2012-04-12,Ăn tối,"28,000",,0,,,,
2012-04-12,Đổ xăng,"50,000",,0,,,,
2012-04-12,Cà phê,"120,000","Cafe Guitar Gỗ với Mỹ, Lai, Loan",0,,,,
2012-04-12,Thu tiền mượn,"-700,000",Nhân,0,,,,
2012-04-12,Phòng,"700,000",,0,,,,
2012-04-13,Ăn sáng,"15,000",,0,,,,
2012-04-13,Ăn trưa,"25,000",,0,,,,
2012-04-13,Nhậu,"300,000",Team HRP,0,,,,
2012-04-14,Gửi xe,"3,000",eTown 2,0,,,,
2012-04-14,Linh tinh,"17,000",Miếng lót chuột,0,,,,
2012-04-15,Đổ xăng,"50,000",,0,,,,
2012-04-15,Rút tài khoản,"-10,000,000",,0,,,,
2012-04-15,Cho mượn,"10,000,000",Má,0,,,,
2012-04-15,Ăn trưa,"14,000",,0,,,,
2012-04-15,Cà phê,"50,000","Với Thu, bé Thương",0,,,,
2012-04-15,Cho mượn,"200,000",Thu,0,,,,
2012-04-15,Ăn tối,"22,000",,0,,,,
2012-04-16,Ăn sáng,"7,000",,0,,,,
2012-04-16,Ăn trưa,"30,000",,0,,,,
2012-04-17,Ăn sáng,"20,000",,0,,,,
2012-04-17,Nhậu,"586,000","Mừng sinh nhật với Nhân, Nghĩa, Châu, Ngũ",0,,,,
2012-04-18,Đổ xăng,"50,000",,0,,,,
2012-04-18,Ăn sáng,"10,000",,0,,,,
2012-04-18,Ăn trưa,"60,000",,0,,,,
2012-04-18,Rút tài khoản,"-1,000,000",,0,,,,
2012-04-18,Linh tinh,"330,000",Quà cho Minh Quốc,0,,,,
2012-04-19,Ăn trưa,"60,000",Trả dùm 30k cho Thanh,0,,,,
2012-04-19,Ăn tối,"25,000",,0,,,,
2012-04-20,Ăn sáng,"15,000",,0,,,,
2012-04-20,Cho mượn,"500,000",Nhựt,0,,,,
2012-04-20,Rút tài khoản,"-1,000,000",,0,,,,
2012-04-20,Nhậu,"150,000",Với team QA,0,,,,
2012-04-21,Gửi xe,"3,000",,0,,,,
2012-04-21,Ăn tối,"25,000",,0,,,,
2012-04-22,Linh tinh,"4,000",Bơm xe,0,,,,
2012-04-22,Đổ xăng,"50,000",,0,,,,
2012-04-22,Cà phê,"32,000",Với bé Hân,0,,,,
2012-04-22,Cho mượn,"300,000",Nhân,0,,,,
2012-04-22,Cà phê,"28,000",Coi đá banh với Nghĩa,0,,,,
2012-04-23,Ăn sáng,"20,000",,0,,,,
2012-04-23,Ăn trưa,"60,000",,0,,,,
2012-04-24,Ăn sáng,"20,000",,0,,,,
2012-04-24,Gửi xe,"3,000",,0,,,,
2012-04-24,Ăn tối,"21,000",,0,,,,
2012-04-24,Linh tinh,"15,000",Nước ngọt,0,,,,
2012-04-25,Ăn sáng,"10,000",,0,,,,
2012-04-26,Ăn sáng,"20,000",,0,,,,
2012-04-26,Ăn trưa,"50,000",,0,,,,
2012-04-26,Linh tinh,"86,000","Thuốc nhứt đầu, sốt + Viên sủi Plusssz",0,,,,
2012-04-26,Ăn tối,"15,000",,0,,,,
2012-04-26,Đổ xăng,"50,000",,0,,,,
2012-04-27,Ăn sáng,"23,000",,0,,,,
2012-04-27,Ăn trưa,"30,000",,0,,,,
2012-04-27,Linh tinh,"20,000",Ủng hộ a Lộc,0,,,,
2012-04-27,Ăn tối,"10,000",,0,,,,
2012-04-27,Thu tiền mượn,"-200,000",Nhân,0,,,,
2012-04-28,Rút tài khoản,"-1,000,000",,0,,,,
2012-04-28,Ăn trưa,"30,000",,0,,,,
2012-04-28,Ăn tối,"28,000",,0,,,,
2012-04-28,Linh tinh,"43,000",Đồ ăn tối cho Nhân + Huy,0,,,,
2012-04-28,Cà phê,"165,000","Với Lai, Mỹ, Thoa, Nguyên",0,,,,
2012-04-29,Ăn trưa,"22,000",,0,,,,
2012-04-29,Ăn tối,"15,000",,0,,,,
2012-04-30,Ăn sáng,"20,000",,0,,,,
2012-04-30,Đổ xăng,"50,000",,0,,,,
2012-05-01,Ăn sáng,"17,000",,0,,,,
2012-05-01,Linh tinh,"20,000",Thuốc ho,0,,,,
2012-05-02,Ăn sáng,"10,000",,0,,,,
2012-05-02,Ăn trưa,"50,000",,0,,,,
2012-05-02,Linh tinh,"59,000","OMO, Downy 1 Lần Xả, PS Trà Xanh",0,,,,
2012-05-03,Ăn sáng,"20,000",,0,,,,
2012-05-03,Ăn trưa,"30,000",,0,,,,
2012-05-03,Linh tinh,"14,000",Bánh mì que,0,,,,
2012-05-03,Rút tài khoản,"-700,000",,0,,,,
2012-05-03,Linh tinh,"10,000",Bánh mì,0,,,,
2012-05-03,Linh tinh,"280,000",Vé xe về quê,0,,,,
2012-05-03,Linh tinh,"2,000",Đi vệ sinh,0,,,,
2012-05-05,Linh tinh,"5,000",Bàn chải đánh răng,0,,,,
2012-05-05,Hớt tóc,"15,000",,0,,,,
2012-05-06,Linh tinh,"230,000",Tiền xe,0,,,,
2012-05-07,Gửi xe,"40,000",Bến xe Miền Đông,0,,,,
2012-05-07,Ăn sáng,"24,000",,0,,,,
2012-05-07,Ăn tối,"17,000",,0,,,,
2012-05-07,Đổ xăng,"50,000",,0,,,,
2012-05-08,Ăn sáng,"15,000",,0,,,,
2012-05-08,Ăn trưa,"90,000",,0,,,,
2012-05-08,Gửi xe,"3,000",,0,,,,
2012-05-08,Đá banh,"10,000",,0,,,,
2012-05-08,Ăn tối,"10,000",Nợ 2000,0,,,,
2012-05-09,Ăn sáng,"10,000",,0,,,,
2012-05-09,Ăn trưa,"30,000",,0,,,,
2012-05-09,Nhậu,"90,000",,0,,,,
2012-05-09,Linh tinh,"15,000",Bánh mì,0,,,,
2012-05-10,Ăn sáng,"15,000",,0,,,,
2012-05-10,Ăn trưa,"70,000",,0,,,,
2012-05-10,Ăn tối,"14,000",,0,,,,
2012-05-10,Cà phê,"50,000",12A,0,,,,
2012-05-11,Ăn sáng,"7,000",,0,,,,
2012-05-11,Ăn trưa,"30,000",,0,,,,
2012-05-11,Rút tài khoản,"-7,000,000",Rút tài khoản + Châu trả,0,,,,
2012-05-11,Linh tinh,"7,000",Bánh mì que,0,,,,
2012-05-11,Cà phê,"120,000",,0,,,,
2012-05-12,Rút tài khoản,"-3,500,000",,0,,,,
2012-05-12,Đổ xăng,"50,000",,0,,,,
2012-05-12,Cho mượn,"10,000,000",Chị Hai,0,,,,
2012-05-12,Thu,"-40,000",Chị Hai đưa tiền ăn trưa dư,0,,,,
2012-05-13,Cà phê,"40,000",12A,0,,,,
2012-05-13,Linh tinh,"300,000",Đám cưới anh Phú Viễn,0,,,,
2012-05-13,Cà phê,"25,000",Coi đá banh với Nhân,0,,,,
2012-05-14,Ăn sáng,"7,000",,0,,,,
2012-05-14,Ăn trưa,"30,000",,0,,,,
2012-05-14,Mượn,"-300,000",An Gameloft,0,,,,
2012-05-14,Ăn tối,"20,000",,0,,,,
2012-05-15,Đổ xăng,"50,000",,0,,,,
2012-05-15,Ăn sáng,"15,000",,0,,,,
2012-05-15,Ăn trưa,"40,000",,0,,,,
2012-05-15,Gửi xe,"3,000",,0,,,,
2012-05-15,Ăn tối,"12,000",,0,,,,
2012-05-16,Ăn sáng,"20,000",,0,,,,
2012-05-16,Ăn trưa,"35,000",,0,,,,
2012-05-16,Ăn tối,"17,000",,0,,,,
2012-05-17,Ăn sáng,"17,000",,0,,,,
2012-05-17,Ăn trưa,"30,000",,0,,,,
2012-05-17,Gửi xe,"5,000",Bệnh viện Gia Định,0,,,,
2012-05-17,Thu tiền mượn,"-10,000,000",Chị Hai,0,,,,
2012-05-18,Ăn sáng,"18,000",,0,,,,
2012-05-18,Trả nợ,"300,000",An Gameloft,0,,,,
2012-05-18,Ăn tối,"26,000",,0,,,,
2012-05-18,Thu tiền mượn,"-300,000",Nhân,0,,,,
2012-05-18,Phòng,"630,000",,0,,,,
2012-05-19,Ăn trưa,"15,000",,0,,,,
2012-05-19,Ăn tối,"25,000",,0,,,,
2012-05-19,Đổ xăng,"50,000",,0,,,,
2012-05-19,Cà phê,"63,000",Cafe Piano đường Nguyễn Trọng Tuyển,0,,,,
2012-05-20,Ăn trưa,"20,000",,0,,,,
2012-05-20,Linh tinh,"10,000","Chơi PES với Nhân, Nghĩa",0,,,,
2012-05-20,Linh tinh,"45,000",Sửa xe,0,,,,
2012-05-20,Ăn tối,"36,000",Với Thu,0,,,,
2012-05-20,Linh tinh,"10,000",Trứng vịt lộn,0,,,,
2012-05-21,Ăn sáng,"7,000",,0,,,,
2012-05-21,Ăn trưa,"60,000",Trả An 30k hôm 18/5,0,,,,
2012-05-21,Linh tinh,"244,000","Dầu gội, nước xả vải, sữa rửa mặt, bột giặt, lăn khử mùi",0,,,,
2012-05-21,Gửi xe,"3,000",Siêu thị Maximark,0,,,,
2012-05-21,Ăn tối,"28,000",,0,,,,
2012-05-22,Ăn sáng,"20,000",,0,,,,
2012-05-22,Đổ xăng,"50,000",,0,,,,
2012-05-22,Ăn trưa,"30,000",,0,,,,
2012-05-22,Gửi xe,"3,000",,0,,,,
2012-05-22,Ăn tối,"17,000",,0,,,,
2012-05-23,Ăn sáng,"9,000",,0,,,,
2012-05-23,Ăn tối,"20,000",,0,,,,
2012-05-24,Ăn sáng,"15,000",,0,,,,
2012-05-24,Ăn trưa,"32,000",,0,,,,
2012-05-24,Ăn tối,"28,000",,0,,,,
2012-05-24,Thu tiền mượn,"-100,000",Mỹ,0,,,,
2012-05-24,Cà phê,"115,000",Với Mỹ,0,,,,
2012-05-25,Ăn sáng,"15,000",,0,,,,
2012-05-25,Ăn trưa,"30,000",,0,,,,
2012-05-26,Linh tinh,"299,000","Chuột, thẻ nhớ",0,,,,
2012-05-26,Đổ xăng,"50,000",,0,,,,
2012-05-27,Ăn trưa,"14,000",,0,,,,
2012-05-27,Cà phê,"50,000",Offline Việt Guitar,0,,,,
2012-05-27,Ăn tối,"27,000",,0,,,,
2012-05-28,Ăn sáng,"7,000",,0,,,,
2012-05-28,Ăn trưa,"30,000",,0,,,,
2012-05-28,Gửi xe,"3,000",,0,,,,
2012-05-28,Đá banh,"20,000",,0,,,,
2012-05-28,Ăn tối,"30,000",,0,,,,
2012-05-28,Linh tinh,"22,000",Nước ngọt,0,,,,
2012-05-29,Ăn sáng,"7,000",,0,,,,
2012-05-29,Linh tinh,"16,000",Bánh mì,0,,,,
2012-05-29,Gửi xe,"3,000",,0,,,,
2012-05-29,Đá banh,"10,000",,0,,,,
2012-05-29,Ăn tối,"12,000",,0,,,,
2012-05-29,Linh tinh,"22,000",Nước ngọt,0,,,,
2012-05-30,Ăn sáng,"9,000",,0,,,,
2012-05-30,Ăn trưa,"70,000",,0,,,,
2012-05-30,Linh tinh,"100,000",Đóng tiền đi chơi Team Building,0,,,,
2012-05-30,Thu tiền mượn,"-300,000",Lai,0,,,,
2012-05-30,Ăn tối,"42,000",Với Lai,0,,,,
2012-05-30,Linh tinh,"46,000",Ăn khuya với Lai,0,,,,
2012-05-31,Cho mượn,"500,000",Nhân,0,,,,
2012-05-31,Ăn sáng,"9,000",,0,,,,
2012-05-31,Ăn trưa,"4,000",,0,,,,
2012-05-31,Đổ xăng,"50,000",,0,,,,
2012-05-31,Ăn tối,"100,000",,0,,,,
2012-05-31,Linh tinh,"190,000",Chuột,0,,,,
2012-06-01,Ăn sáng,"9,000",,0,,,,
2012-06-01,Ăn trưa,"50,000",,0,,,,
2012-06-01,Nhậu,"100,000",,0,,,,
2012-06-02,Ăn tối,"22,000",,0,,,,
2012-06-03,Linh tinh,"75,000",Thay đèn xe,0,,,,
2012-06-03,Ăn trưa,"22,000",,0,,,,
2012-06-03,Ăn tối,"20,000",,0,,,,
2012-06-03,Linh tinh,"5,000","Chơi PES với Nhân, Nghĩa",0,,,,
2012-06-04,Ăn sáng,"9,000",,0,,,,
2012-06-04,Thu,"-100,000",Nhận lại tiền đi chơi Team Building,0,,,,
2012-06-04,Ăn trưa,"40,000",,0,,,,
2012-06-04,Gửi xe,"3,000",,0,,,,
2012-06-04,Đá banh,"10,000",,0,,,,
2012-06-04,Ăn tối,"20,000",,0,,,,
2012-06-05,Ăn sáng,"9,000",,0,,,,
2012-06-05,Linh tinh,"70,000",Góp tiền tổ chức sinh nhật chị Thanh Producer,0,,,,
2012-06-05,Ăn trưa,"44,000",,0,,,,
2012-06-05,Gửi xe,"3,000",,0,,,,
2012-06-05,Ăn tối,"20,000",,0,,,,
2012-06-06,Linh tinh,"2,000",Bơm xe,0,,,,
2012-06-06,Đổ xăng,"50,000",,0,,,,
2012-06-06,Ăn sáng,"15,000",,0,,,,
2012-06-06,Ăn trưa,"20,000",,0,,,,
2012-06-06,Gửi xe,"4,000",,0,,,,
2012-06-06,Thu tiền mượn,"-500,000",Nhân,0,,,,
2012-06-07,Ăn sáng,"17,000",,0,,,,
2012-06-07,Ăn trưa,"40,000",,0,,,,
2012-06-07,Ăn tối,"17,000",,0,,,,
2012-06-08,Ăn sáng,"9,000",,0,,,,
2012-06-08,Ăn trưa,"167,000",,0,,,,
2012-06-08,Linh tinh,"25,000",Sửa xe,0,,,,
2012-06-08,Nhậu,"110,000",,0,,,,
2012-06-09,Linh tinh,"6,000",Cafe,0,,,,
2012-06-10,Linh tinh,"70,000",Đồ bó đầu gối,0,,,,
2012-06-10,Ăn tối,"24,000",,0,,,,
2012-06-11,Ăn sáng,"10,000",,0,,,,
2012-06-11,Ăn trưa,"35,000",,0,,,,
2012-06-11,Gửi xe,"3,000",,0,,,,
2012-06-11,Đá banh,"10,000",,0,,,,
2012-06-12,Linh tinh,"5,000",Sửa đèn xe,0,,,,
2012-06-12,Ăn sáng,"15,000",,0,,,,
2012-06-12,Ăn trưa,"25,000",,0,,,,
2012-06-12,Ăn tối,"28,000",,0,,,,
2012-06-12,Cà phê,"200,000",Giao lưu piano của nghệ sĩ Vân Anh,0,,,,
2012-06-13,Đổ xăng,"50,000",,0,,,,
2012-06-13,Linh tinh,"63,000",Sữa + bánh mì,0,,,,
2012-06-13,Ăn trưa,"40,000",,0,,,,
2012-06-13,Ăn tối,"13,000",,0,,,,
2012-06-13,Phòng,"625,000",,0,,,,
2012-06-14,Ăn sáng,"9,000",,0,,,,
2012-06-14,Ăn trưa,"40,000",,0,,,,
2012-06-15,Ăn sáng,"24,000",,0,,,,
2012-06-15,Linh tinh,"140,000",Áo đá  banh,0,,,,
2012-06-15,Ăn trưa,"20,000",,0,,,,
2012-06-15,Linh tinh,"16,000",Cafe,0,,,,
2012-06-15,Ăn tối,"28,000",,0,,,,
2012-06-16,Thu tiền mượn,"-100,000",Trúc,0,,,,
2012-06-16,Thu tiền mượn,"-100,000",Xuân Thịnh,0,,,,
2012-06-16,Thu tiền mượn,"-100,000",Trang,0,,,,
2012-06-16,Thu tiền mượn,"-100,000",Thái Thịnh,0,,,,
2012-06-16,Nhậu,"100,000",Đá banh với lớp 12A,0,,,,
2012-06-16,Đổ xăng,"50,000",,0,,,,
2012-06-17,Ăn tối,"24,000",,0,,,,
2012-06-17,Cà phê,"70,000",Với Mỹ,0,,,,
2012-06-18,Ăn sáng,"7,000",,0,,,,
2012-06-18,Ăn trưa,"20,000",Anh Sỹ trả dùm 15k,0,,,,
2012-06-18,Gửi xe,"3,000",,0,,,,
2012-06-18,Đá banh,"20,000",,0,,,,
2012-06-18,Linh tinh,"12,000",Uống nước,0,,,,
2012-06-18,Ăn tối,"12,000",,0,,,,
2012-06-19,Ăn trưa,"59,000",,0,,,,
2012-06-19,Linh tinh,"315,000","Quà cho Nhung 061, Châu GL",0,,,,
2012-06-19,Ăn tối,"35,000",,0,,,,
2012-06-19,Cho mượn,"1,000,000",Nghĩa,0,,,,
2012-06-20,Cho mượn,"1,000,000",Nhân,0,,,,
2012-06-20,Ăn sáng,"15,000",,0,,,,
2012-06-20,Ăn trưa,"22,000",,0,,,,
2012-06-20,Ăn tối,"41,000",,0,,,,
2012-06-20,Đổ xăng,"50,000",,0,,,,
2012-06-21,Ăn sáng,"9,000",,0,,,,
2012-06-21,Ăn trưa,"60,000",,0,,,,
2012-06-21,Ăn tối,"17,000",,0,,,,
2012-06-22,Cho mượn,"500,000",Nhân,0,,,,
2012-06-22,Ăn sáng,"20,000",,0,,,,
2012-06-22,Ăn trưa,"10,000",,0,,,,
2012-06-22,Ăn tối,"10,000",,0,,,,
2012-06-22,Nhậu,"100,000","Sinh nhật Nhung với Tiến, Thiện, Huyên",0,,,,
2012-06-23,Linh tinh,"80,000",Hoa cho Thu,0,,,,
2012-06-23,Gửi xe,"3,000",,0,,,,
2012-06-23,Ăn tối,"10,000",,0,,,,
2012-06-24,Linh tinh,"20,000",2 lon Bò Húc,0,,,,
2012-06-24,Đổ xăng,"50,000",,0,,,,
2012-06-24,Thay nhớt,"95,000",,0,,,,
2012-06-24,Đá banh,"30,000",,0,,,,
2012-06-24,Linh tinh,"100,000",Áo đá banh,0,,,,
2012-06-24,Thất thoát,"55,000",,0,,,,
2012-06-25,Ăn trưa,"33,000",,0,,,,
2012-06-25,Gửi xe,"3,000",,0,,,,
2012-06-25,Đá banh,"20,000",,0,,,,
2012-06-25,Ăn tối,"22,000",,0,,,,
2012-06-26,Ăn sáng,"9,000",,0,,,,
2012-06-26,Rút tài khoản,"-1,000,000",,0,,,,
2012-06-26,Ăn trưa,"30,000",,0,,,,
2012-06-26,Linh tinh,"100,000",Khám bệnh,0,,,,
2012-06-26,Linh tinh,"120,000",Thuốc thủy đậu,0,,,,
2012-06-26,Đổ xăng,"50,000",,0,,,,
2012-07-01,Linh tinh,"54,000",Thuốc thủy đậu thêm,1,,,,
,,,,0,,,,
,,,,0,,,,
,,,,0,,,,
,,,,0,,,,
,,,,0,,,,
,,,,0,,,,
,,,,0,,,,
,,,,0,,,,
,,,,0,,,,